Name,Revision,Languages,Embed Dim,Params,Framework,License,Link
kakaobrain/align-base,e96a37facc7b1f59090ece82293226b817afd6ba,eng_Latn,768.0,176000000.0,PyTorch,,https://huggingface.co/kakaobrain/align-base
Snowflake/snowflake-arctic-embed-xs,742da4f66e1823b5b4dbe6c320a1375a1fd85f9e,eng_Latn,384.0,22600000.0,"Sentence Transformers, PyTorch",apache-2.0,https://huggingface.co/Snowflake/snowflake-arctic-embed-xs
Snowflake/snowflake-arctic-embed-s,d3c1d2d433dd0fdc8e9ca01331a5f225639e798f,eng_Latn,384.0,32200000.0,"Sentence Transformers, PyTorch",apache-2.0,https://huggingface.co/Snowflake/snowflake-arctic-embed-s
Snowflake/snowflake-arctic-embed-m,cc17beacbac32366782584c8752220405a0f3f40,eng_Latn,768.0,109000000.0,"Sentence Transformers, PyTorch",apache-2.0,https://huggingface.co/Snowflake/snowflake-arctic-embed-m
Snowflake/snowflake-arctic-embed-m-long,89d0f6ab196eead40b90cb6f9fefec01a908d2d1,eng_Latn,768.0,137000000.0,"Sentence Transformers, PyTorch",apache-2.0,https://huggingface.co/Snowflake/snowflake-arctic-embed-m-long
Snowflake/snowflake-arctic-embed-l,9a9e5834d2e89cdd8bb72b64111dde496e4fe78c,eng_Latn,1024.0,335000000.0,"Sentence Transformers, PyTorch",apache-2.0,https://huggingface.co/Snowflake/snowflake-arctic-embed-l
Snowflake/snowflake-arctic-embed-m-v1.5,97eab2e17fcb7ccb8bb94d6e547898fa1a6a0f47,eng_Latn,768.0,109000000.0,"Sentence Transformers, PyTorch",apache-2.0,https://huggingface.co/Snowflake/snowflake-arctic-embed-m-v1.5
Snowflake/snowflake-arctic-embed-m-v2.0,f2a7d59d80dfda5b1d14f096f3ce88bb6bf9ebdc,"afr_Latn, ara_Arab, aze_Latn, bel_Cyrl, bul_Cyrl, ben_Beng, cat_Latn, ceb_Latn, ces_Latn, cym_Latn, dan_Latn, deu_Latn, ell_Grek, eng_Latn, spa_Latn, est_Latn, eus_Latn, fas_Arab, fin_Latn, fra_Latn, glg_Latn, guj_Gujr, heb_Hebr, hin_Deva, hrv_Latn, hat_Latn, hun_Latn, hye_Armn, ind_Latn, isl_Latn, ita_Latn, jpn_Jpan, jav_Latn, kat_Geor, kaz_Cyrl, khm_Khmr, kan_Knda, kor_Hang, kir_Cyrl, lao_Laoo, lit_Latn, lav_Latn, mkd_Cyrl, mal_Mlym, mon_Cyrl, mar_Deva, msa_Latn, mya_Mymr, nep_Deva, nld_Latn, pan_Guru, pol_Latn, por_Latn, que_Latn, ron_Latn, rus_Cyrl, sin_Sinh, slk_Latn, slv_Latn, som_Latn, sqi_Latn, srp_Cyrl, swe_Latn, swa_Latn, tam_Taml, tel_Telu, tha_Thai, tgl_Latn, tur_Latn, ukr_Cyrl, urd_Arab, vie_Latn, yor_Latn, zho_Hans",768.0,305000000.0,"Sentence Transformers, PyTorch",apache-2.0,https://huggingface.co/Snowflake/snowflake-arctic-embed-m-v2.0
Snowflake/snowflake-arctic-embed-l-v2.0,edc2df7b6c25794b340229ca082e7c78782e6374,"afr_Latn, ara_Arab, aze_Latn, bel_Cyrl, bul_Cyrl, ben_Beng, cat_Latn, ceb_Latn, ces_Latn, cym_Latn, dan_Latn, deu_Latn, ell_Grek, eng_Latn, spa_Latn, est_Latn, eus_Latn, fas_Arab, fin_Latn, fra_Latn, glg_Latn, guj_Gujr, heb_Hebr, hin_Deva, hrv_Latn, hat_Latn, hun_Latn, hye_Armn, ind_Latn, isl_Latn, ita_Latn, jpn_Jpan, jav_Latn, kat_Geor, kaz_Cyrl, khm_Khmr, kan_Knda, kor_Hang, kir_Cyrl, lao_Laoo, lit_Latn, lav_Latn, mkd_Cyrl, mal_Mlym, mon_Cyrl, mar_Deva, msa_Latn, mya_Mymr, nep_Deva, nld_Latn, pan_Guru, pol_Latn, por_Latn, que_Latn, ron_Latn, rus_Cyrl, sin_Sinh, slk_Latn, slv_Latn, som_Latn, sqi_Latn, srp_Cyrl, swe_Latn, swa_Latn, tam_Taml, tel_Telu, tha_Thai, tgl_Latn, tur_Latn, ukr_Cyrl, urd_Arab, vie_Latn, yor_Latn, zho_Hans",1024.0,568000000.0,"Sentence Transformers, PyTorch",apache-2.0,https://huggingface.co/Snowflake/snowflake-arctic-embed-l-v2.0
bedrock/amazon-titan-embed-text-v1,1,,1536.0,,API,,https://aws.amazon.com/about-aws/whats-new/2023/09/amazon-titan-embeddings-generally-available/
bedrock/amazon-titan-embed-text-v2,1,,1024.0,,API,,https://aws.amazon.com/about-aws/whats-new/2024/04/amazon-titan-text-embeddings-v2-amazon-bedrock/
bedrock/cohere-embed-english-v3,1,eng-Latn,1024.0,,API,,https://cohere.com/blog/introducing-embed-v3
bedrock/cohere-embed-multilingual-v3,1,"afr-Latn, amh-Ethi, ara-Arab, asm-Beng, aze-Latn, bel-Cyrl, bul-Cyrl, ben-Beng, bod-Tibt, bos-Latn, cat-Latn, ceb-Latn, cos-Latn, ces-Latn, cym-Latn, dan-Latn, deu-Latn, ell-Grek, eng-Latn, epo-Latn, spa-Latn, est-Latn, eus-Latn, fas-Arab, fin-Latn, fra-Latn, fry-Latn, gle-Latn, gla-Latn, glg-Latn, guj-Gujr, hau-Latn, haw-Latn, heb-Hebr, hin-Deva, hmn-Latn, hrv-Latn, hat-Latn, hun-Latn, hye-Armn, ind-Latn, ibo-Latn, isl-Latn, ita-Latn, jpn-Jpan, jav-Latn, kat-Geor, kaz-Cyrl, khm-Khmr, kan-Knda, kor-Kore, kur-Arab, kir-Cyrl, lat-Latn, ltz-Latn, lao-Laoo, lit-Latn, lav-Latn, mlg-Latn, mri-Latn, mkd-Cyrl, mal-Mlym, mon-Cyrl, mar-Deva, msa-Latn, mlt-Latn, mya-Mymr, nep-Deva, nld-Latn, nor-Latn, nya-Latn, ori-Orya, pan-Guru, pol-Latn, por-Latn, ron-Latn, rus-Cyrl, kin-Latn, sin-Sinh, slk-Latn, slv-Latn, smo-Latn, sna-Latn, som-Latn, sqi-Latn, srp-Cyrl, sot-Latn, sun-Latn, swe-Latn, swa-Latn, tam-Taml, tel-Telu, tgk-Cyrl, tha-Thai, tuk-Latn, tgl-Latn, tur-Latn, tat-Cyrl, uig-Arab, ukr-Cyrl, urd-Arab, uzb-Latn, vie-Latn, wol-Latn, xho-Latn, yid-Hebr, yor-Latn, zho-Hans, zul-Latn",1024.0,,API,,https://cohere.com/blog/introducing-embed-v3
BAAI/bge-small-en-v1.5,5c38ec7c405ec4b44b94cc5a9bb96e735b38267a,eng_Latn,512.0,33400000.0,"Sentence Transformers, PyTorch",mit,https://huggingface.co/BAAI/bge-small-en-v1.5
BAAI/bge-base-en-v1.5,a5beb1e3e68b9ab74eb54cfd186867f64f240e1a,eng_Latn,768.0,109000000.0,"Sentence Transformers, PyTorch",mit,https://huggingface.co/BAAI/bge-base-en-v1.5
BAAI/bge-large-en-v1.5,d4aa6901d3a41ba39fb536a557fa166f842b0e09,eng_Latn,1024.0,335000000.0,"Sentence Transformers, PyTorch",mit,https://huggingface.co/BAAI/bge-large-en-v1.5
BAAI/bge-small-zh,1d2363c5de6ce9ba9c890c8e23a4c72dce540ca8,zho_Hans,512.0,33400000.0,"Sentence Transformers, PyTorch",mit,https://huggingface.co/BAAI/bge-small-zh
BAAI/bge-base-zh,0e5f83d4895db7955e4cb9ed37ab73f7ded339b6,zho_Hans,768.0,109000000.0,"Sentence Transformers, PyTorch",mit,https://huggingface.co/BAAI/bge-base-zh
BAAI/bge-large-zh,b5d9f5c027e87b6f0b6fa4b614f8f9cdc45ce0e8,zho_Hans,1024.0,335000000.0,"Sentence Transformers, PyTorch",mit,https://huggingface.co/BAAI/bge-large-zh
BAAI/bge-small-en,4778d71a06863076696b03fd2777eb118712cad8,eng_Latn,512.0,33400000.0,"Sentence Transformers, PyTorch",mit,https://huggingface.co/BAAI/bge-small-en
BAAI/bge-base-en,b737bf5dcc6ee8bdc530531266b4804a5d77b5d8,eng_Latn,768.0,109000000.0,"Sentence Transformers, PyTorch",mit,https://huggingface.co/BAAI/bge-base-en
BAAI/bge-large-en,abe7d9d814b775ca171121fb03f394dc42974275,eng_Latn,1024.0,335000000.0,"Sentence Transformers, PyTorch",mit,https://huggingface.co/BAAI/bge-large-en
BAAI/bge-small-zh-v1.5,7999e1d3359715c523056ef9478215996d62a620,zho_Hans,512.0,33400000.0,"Sentence Transformers, PyTorch",mit,https://huggingface.co/BAAI/bge-small-zh-v1.5
BAAI/bge-base-zh-v1.5,f03589ceff5aac7111bd60cfc7d497ca17ecac65,zho_Hans,768.0,109000000.0,"Sentence Transformers, PyTorch",mit,https://huggingface.co/BAAI/bge-base-zh-v1.5
BAAI/bge-large-zh-v1.5,79e7739b6ab944e86d6171e44d24c997fc1e0116,zho_Hans,1024.0,335000000.0,"Sentence Transformers, PyTorch",mit,https://huggingface.co/BAAI/bge-large-zh-v1.5
BAAI/bge-m3,5617a9f61b028005a4858fdac845db406aefb181,"afr_Latn, amh_Ethi, azj_Latn, ast_Latn, azj_Latn, ben_Beng, bul_Cyrl, bel_Cyrl, cat_Latn, ceb_Latn, ckb_Arab, dan_Latn, deu_Latn, ell_Grek, eng_Latn, est_Latn, fin_Latn, fra_Latn, glg_Latn, guj_Gujr, heb_Hebr, hin_Deva, ita_Latn, jpn_Jpan, kor_Hang, rus_Cyrl, tha_Thai, ukr_Cyrl, zho_Hans",4096.0,568000000.0,"Sentence Transformers, PyTorch",mit,https://huggingface.co/BAAI/bge-m3
BAAI/bge-multilingual-gemma2,992e13d8984fde2c31ef8a3cb2c038aeec513b8a,"eng_Latn, zho_Hans, kor_Hang, kor_Latn, fra_Latn, jpn_Jpan, jpn_Latn",3584.0,9240000000.0,"Sentence Transformers, PyTorch",https://ai.google.dev/gemma/terms,https://huggingface.co/BAAI/bge-multilingual-gemma2
BAAI/bge-en-icl,971c7e1445cc86656ca0bd85ed770b8675a40bb5,eng_Latn,4096.0,7110000000.0,"Sentence Transformers, PyTorch",apache-2.0,https://huggingface.co/BAAI/bge-en-icl
manu/bge-m3-custom-fr,ed3ef88678ba83ddf4c0fab71a93cb90d89a9078,,1024.0,567754752.0,"PyTorch, Sentence Transformers",,https://huggingface.co/manu/bge-m3-custom-fr
Salesforce/blip2-opt-2.7b,51572668da0eb669e01a189dc22abe6088589a24,eng_Latn,768.0,3740000000.0,PyTorch,mit,https://huggingface.co/Salesforce/blip2-opt-2.7b
Salesforce/blip2-opt-6.7b-coco,0d580de59320a25a4d2c386387bcef310d5f286e,eng_Latn,768.0,7750000000.0,PyTorch,mit,https://huggingface.co/Salesforce/blip2-opt-6.7b-coco
Salesforce/blip-image-captioning-large,2227ac38c9f16105cb0412e7cab4759978a8fd90,eng_Latn,768.0,470000000.0,PyTorch,bsd-3-clause,https://huggingface.co/Salesforce/blip-image-captioning-large
Salesforce/blip-image-captioning-base,89b09ea1789f7addf2f6d6f0dfc4ce10ab58ef84,eng_Latn,768.0,247000000.0,PyTorch,bsd-3-clause,https://huggingface.co/Salesforce/blip-image-captioning-base
Salesforce/blip-vqa-base,c7df8e7cd7aa2ee9af18f56e2b29e59a92651b64,eng_Latn,768.0,247000000.0,PyTorch,bsd-3-clause,https://huggingface.co/Salesforce/blip-vqa-base
Salesforce/blip-vqa-capfilt-large,e53f95265aeab69013fabb5380500ab984adbbb4,eng_Latn,768.0,247000000.0,PyTorch,bsd-3-clause,https://huggingface.co/Salesforce/blip-vqa-capfilt-large
Salesforce/blip-itm-base-coco,7eaa90c11850c0b17fc38c6a11e7d88bd6ac231f,eng_Latn,768.0,247000000.0,PyTorch,bsd-3-clause,https://huggingface.co/Salesforce/blip-itm-base-coco
Salesforce/blip-itm-large-coco,fef05cafc05298067cbbca00b125749394a77a6f,eng_Latn,768.0,470000000.0,PyTorch,bsd-3-clause,https://huggingface.co/Salesforce/blip-itm-large-coco
Salesforce/blip-itm-base-flickr,1de29e660d91ae1786c1876212ea805a22eab251,eng_Latn,768.0,247000000.0,PyTorch,bsd-3-clause,https://huggingface.co/Salesforce/blip-itm-base-flickr
Salesforce/blip-itm-large-flickr,bda12e6506758f54261b5ab174b2c55a3ba143fb,eng_Latn,768.0,470000000.0,PyTorch,bsd-3-clause,https://huggingface.co/Salesforce/blip-itm-large-flickr
bm25s,0_1_10,eng_Latn,,,,,https://github.com/xhluca/bm25s
openai/clip-vit-large-patch14,32bd64288804d66eefd0ccbe215aa642df71cc41,eng_Latn,768.0,428000000.0,PyTorch,,https://huggingface.co/openai/clip-vit-large-patch14
openai/clip-vit-base-patch32,3d74acf9a28c67741b2f4f2ea7635f0aaf6f0268,eng_Latn,512.0,151000000.0,PyTorch,,https://huggingface.co/openai/clip-vit-base-patch32
openai/clip-vit-base-patch16,57c216476eefef5ab752ec549e440a49ae4ae5f3,eng_Latn,512.0,151000000.0,PyTorch,,https://huggingface.co/openai/clip-vit-base-patch16
codesage/codesage-large-v2,6e5d6dc15db3e310c37c6dbac072409f95ffa5c5,"python-Code, javascript-Code, go-Code, ruby-Code, java-Code, php-Code",2048.0,1300000000.0,PyTorch,apache-2.0,https://huggingface.co/codesage/codesage-large-v2
codesage/codesage-base-v2,92eac4f44c8674638f039f1b0d8280f2539cb4c7,"python-Code, javascript-Code, go-Code, ruby-Code, java-Code, php-Code",1024.0,356000000.0,PyTorch,apache-2.0,https://huggingface.co/codesage/codesage-base-v2
codesage/codesage-small-v2,4844c2f24b25e181aa43ca058cc73dd2622565c1,"python-Code, javascript-Code, go-Code, ruby-Code, java-Code, php-Code",1024.0,130000000.0,PyTorch,apache-2.0,https://huggingface.co/codesage/codesage-small-v2
jxm/cde-small-v1,8d5736163718a8b65cd787b75ed61020d18bad3c,eng_Latn,768.0,281000000.0,Sentence Transformers,mit,https://huggingface.co/jxm/cde-small-v1
jxm/cde-small-v2,a7e5882ad52c27ea2831fc8258f24379c25cb459,eng_Latn,768.0,306000000.0,Sentence Transformers,mit,https://huggingface.co/jxm/cde-small-v1
Cohere/Cohere-embed-multilingual-v3.0,1,"afr-Latn, amh-Ethi, ara-Arab, asm-Beng, aze-Latn, bel-Cyrl, bul-Cyrl, ben-Beng, bod-Tibt, bos-Latn, cat-Latn, ceb-Latn, cos-Latn, ces-Latn, cym-Latn, dan-Latn, deu-Latn, ell-Grek, eng-Latn, epo-Latn, spa-Latn, est-Latn, eus-Latn, fas-Arab, fin-Latn, fra-Latn, fry-Latn, gle-Latn, gla-Latn, glg-Latn, guj-Gujr, hau-Latn, haw-Latn, heb-Hebr, hin-Deva, hmn-Latn, hrv-Latn, hat-Latn, hun-Latn, hye-Armn, ind-Latn, ibo-Latn, isl-Latn, ita-Latn, jpn-Jpan, jav-Latn, kat-Geor, kaz-Cyrl, khm-Khmr, kan-Knda, kor-Kore, kur-Arab, kir-Cyrl, lat-Latn, ltz-Latn, lao-Laoo, lit-Latn, lav-Latn, mlg-Latn, mri-Latn, mkd-Cyrl, mal-Mlym, mon-Cyrl, mar-Deva, msa-Latn, mlt-Latn, mya-Mymr, nep-Deva, nld-Latn, nor-Latn, nya-Latn, ori-Orya, pan-Guru, pol-Latn, por-Latn, ron-Latn, rus-Cyrl, kin-Latn, sin-Sinh, slk-Latn, slv-Latn, smo-Latn, sna-Latn, som-Latn, sqi-Latn, srp-Cyrl, sot-Latn, sun-Latn, swe-Latn, swa-Latn, tam-Taml, tel-Telu, tgk-Cyrl, tha-Thai, tuk-Latn, tgl-Latn, tur-Latn, tat-Cyrl, uig-Arab, ukr-Cyrl, urd-Arab, uzb-Latn, vie-Latn, wol-Latn, xho-Latn, yid-Hebr, yor-Latn, zho-Hans, zul-Latn",512.0,,API,,https://cohere.com/blog/introducing-embed-v3
Cohere/Cohere-embed-english-v3.0,1,eng-Latn,1024.0,,API,,https://cohere.com/blog/introducing-embed-v3
Cohere/Cohere-embed-multilingual-light-v3.0,1,"afr-Latn, amh-Ethi, ara-Arab, asm-Beng, aze-Latn, bel-Cyrl, bul-Cyrl, ben-Beng, bod-Tibt, bos-Latn, cat-Latn, ceb-Latn, cos-Latn, ces-Latn, cym-Latn, dan-Latn, deu-Latn, ell-Grek, eng-Latn, epo-Latn, spa-Latn, est-Latn, eus-Latn, fas-Arab, fin-Latn, fra-Latn, fry-Latn, gle-Latn, gla-Latn, glg-Latn, guj-Gujr, hau-Latn, haw-Latn, heb-Hebr, hin-Deva, hmn-Latn, hrv-Latn, hat-Latn, hun-Latn, hye-Armn, ind-Latn, ibo-Latn, isl-Latn, ita-Latn, jpn-Jpan, jav-Latn, kat-Geor, kaz-Cyrl, khm-Khmr, kan-Knda, kor-Kore, kur-Arab, kir-Cyrl, lat-Latn, ltz-Latn, lao-Laoo, lit-Latn, lav-Latn, mlg-Latn, mri-Latn, mkd-Cyrl, mal-Mlym, mon-Cyrl, mar-Deva, msa-Latn, mlt-Latn, mya-Mymr, nep-Deva, nld-Latn, nor-Latn, nya-Latn, ori-Orya, pan-Guru, pol-Latn, por-Latn, ron-Latn, rus-Cyrl, kin-Latn, sin-Sinh, slk-Latn, slv-Latn, smo-Latn, sna-Latn, som-Latn, sqi-Latn, srp-Cyrl, sot-Latn, sun-Latn, swe-Latn, swa-Latn, tam-Taml, tel-Telu, tgk-Cyrl, tha-Thai, tuk-Latn, tgl-Latn, tur-Latn, tat-Cyrl, uig-Arab, ukr-Cyrl, urd-Arab, uzb-Latn, vie-Latn, wol-Latn, xho-Latn, yid-Hebr, yor-Latn, zho-Hans, zul-Latn",384.0,,API,,https://cohere.com/blog/introducing-embed-v3
Cohere/Cohere-embed-english-light-v3.0,1,eng-Latn,384.0,,API,,https://cohere.com/blog/introducing-embed-v3
embed-multilingual-v3.0-v,1,,1024.0,,,,https://huggingface.co/Cohere/Cohere-embed-multilingual-v3.0
embed-english-v3.0-v,1,eng-Latn,1024.0,,,,https://huggingface.co/Cohere/Cohere-embed-english-v3.0
colbert-ir/colbertv2.0,c1e84128e85ef755c096a95bdb06b47793b13acf,eng_Latn,,110000000.0,"PyLate, ColBERT",mit,https://huggingface.co/colbert-ir/colbertv2.0
jinaai/jina-colbert-v2,4cf816e5e2b03167b132a3c847a9ecd48ba708e1,"ara-Arab, ben-Beng, deu-Latn, spa-Latn, eng-Latn, fas-Arab, fin-Latn, fra-Latn, hin-Deva, ind-Latn, jpn-Jpan, kor-Kore, rus-Cyrl, swa-Latn, tel-Telu, tha-Thai, yor-Latn, zho-Hans, nld-Latn, ita-Latn, por-Latn, vie-Latn",,559000000.0,"PyLate, ColBERT",cc-by-nc-4.0,https://huggingface.co/jinaai/jina-colbert-v2
facebook/dinov2-small,ed25f3a31f01632728cabb09d1542f84ab7b0056,eng_Latn,384.0,22100000.0,PyTorch,apache-2.0,https://huggingface.co/facebook/dinov2-small
facebook/dinov2-base,f9e44c814b77203eaa57a6bdbbd535f21ede1415,eng_Latn,768.0,86600000.0,PyTorch,apache-2.0,https://huggingface.co/facebook/dinov2-base
facebook/dinov2-large,47b73eefe95e8d44ec3623f8890bd894b6ea2d6c,eng_Latn,1024.0,304000000.0,PyTorch,apache-2.0,https://huggingface.co/facebook/dinov2-large
facebook/dinov2-giant,611a9d42f2335e0f921f1e313ad3c1b7178d206d,eng_Latn,1536.0,1140000000.0,PyTorch,apache-2.0,https://huggingface.co/facebook/dinov2-giant
intfloat/multilingual-e5-large-instruct,baa7be480a7de1539afce709c8f13f833a510e0a,"afr_Latn, amh_Latn, ara_Latn, asm_Latn, aze_Latn, bel_Latn, bul_Latn, ben_Latn, ben_Beng, bre_Latn, bos_Latn, cat_Latn, ces_Latn, cym_Latn, dan_Latn, deu_Latn, ell_Latn, eng_Latn, epo_Latn, spa_Latn, est_Latn, eus_Latn, fas_Latn, fin_Latn, fra_Latn, fry_Latn, gle_Latn, gla_Latn, glg_Latn, guj_Latn, hau_Latn, heb_Latn, hin_Latn, hin_Deva, hrv_Latn, hun_Latn, hye_Latn, ind_Latn, isl_Latn, ita_Latn, jpn_Latn, jav_Latn, kat_Latn, kaz_Latn, khm_Latn, kan_Latn, kor_Latn, kur_Latn, kir_Latn, lat_Latn, lao_Latn, lit_Latn, lav_Latn, mlg_Latn, mkd_Latn, mal_Latn, mon_Latn, mar_Latn, msa_Latn, mya_Latn, nep_Latn, nld_Latn, nob_Latn, orm_Latn, ori_Latn, pan_Latn, pol_Latn, pus_Latn, por_Latn, ron_Latn, rus_Latn, san_Latn, snd_Latn, sin_Latn, slk_Latn, slv_Latn, som_Latn, sqi_Latn, srp_Latn, sun_Latn, swe_Latn, swa_Latn, tam_Latn, tam_Taml, tel_Latn, tel_Telu, tha_Latn, tgl_Latn, tur_Latn, uig_Latn, ukr_Latn, urd_Latn, urd_Arab, uzb_Latn, vie_Latn, xho_Latn, yid_Latn, zho_Hant, zho_Hans",1024.0,560000000.0,"GritLM, PyTorch",mit,https://huggingface.co/intfloat/multilingual-e5-large-instruct
intfloat/e5-mistral-7b-instruct,07163b72af1488142a360786df853f237b1a3ca1,"eng_Latn, fra_Latn, deu_Latn, ita_Latn, spa_Latn",4096.0,7111000000.0,"GritLM, PyTorch",mit,https://huggingface.co/intfloat/e5-mistral-7b-instruct
zeta-alpha-ai/Zeta-Alpha-E5-Mistral,c791d37474fa6a5c72eb3a2522be346bc21fbfc3,eng_Latn,4096.0,7110660096.0,PyTorch,mit,https://huggingface.co/zeta-alpha-ai/Zeta-Alpha-E5-Mistral
intfloat/multilingual-e5-small,fd1525a9fd15316a2d503bf26ab031a61d056e98,"afr_Latn, amh_Latn, ara_Latn, asm_Latn, aze_Latn, bel_Latn, bul_Latn, ben_Latn, ben_Beng, bre_Latn, bos_Latn, cat_Latn, ces_Latn, cym_Latn, dan_Latn, deu_Latn, ell_Latn, eng_Latn, epo_Latn, spa_Latn, est_Latn, eus_Latn, fas_Latn, fin_Latn, fra_Latn, fry_Latn, gle_Latn, gla_Latn, glg_Latn, guj_Latn, hau_Latn, heb_Latn, hin_Latn, hin_Deva, hrv_Latn, hun_Latn, hye_Latn, ind_Latn, isl_Latn, ita_Latn, jpn_Latn, jav_Latn, kat_Latn, kaz_Latn, khm_Latn, kan_Latn, kor_Latn, kur_Latn, kir_Latn, lat_Latn, lao_Latn, lit_Latn, lav_Latn, mlg_Latn, mkd_Latn, mal_Latn, mon_Latn, mar_Latn, msa_Latn, mya_Latn, nep_Latn, nld_Latn, nob_Latn, orm_Latn, ori_Latn, pan_Latn, pol_Latn, pus_Latn, por_Latn, ron_Latn, rus_Latn, san_Latn, snd_Latn, sin_Latn, slk_Latn, slv_Latn, som_Latn, sqi_Latn, srp_Latn, sun_Latn, swe_Latn, swa_Latn, tam_Latn, tam_Taml, tel_Latn, tel_Telu, tha_Latn, tgl_Latn, tur_Latn, uig_Latn, ukr_Latn, urd_Latn, urd_Arab, uzb_Latn, vie_Latn, xho_Latn, yid_Latn, zho_Hant, zho_Hans",384.0,118000000.0,"Sentence Transformers, PyTorch",mit,https://huggingface.co/intfloat/multilingual-e5-small
intfloat/multilingual-e5-base,d13f1b27baf31030b7fd040960d60d909913633f,"afr_Latn, amh_Latn, ara_Latn, asm_Latn, aze_Latn, bel_Latn, bul_Latn, ben_Latn, ben_Beng, bre_Latn, bos_Latn, cat_Latn, ces_Latn, cym_Latn, dan_Latn, deu_Latn, ell_Latn, eng_Latn, epo_Latn, spa_Latn, est_Latn, eus_Latn, fas_Latn, fin_Latn, fra_Latn, fry_Latn, gle_Latn, gla_Latn, glg_Latn, guj_Latn, hau_Latn, heb_Latn, hin_Latn, hin_Deva, hrv_Latn, hun_Latn, hye_Latn, ind_Latn, isl_Latn, ita_Latn, jpn_Latn, jav_Latn, kat_Latn, kaz_Latn, khm_Latn, kan_Latn, kor_Latn, kur_Latn, kir_Latn, lat_Latn, lao_Latn, lit_Latn, lav_Latn, mlg_Latn, mkd_Latn, mal_Latn, mon_Latn, mar_Latn, msa_Latn, mya_Latn, nep_Latn, nld_Latn, nob_Latn, orm_Latn, ori_Latn, pan_Latn, pol_Latn, pus_Latn, por_Latn, ron_Latn, rus_Latn, san_Latn, snd_Latn, sin_Latn, slk_Latn, slv_Latn, som_Latn, sqi_Latn, srp_Latn, sun_Latn, swe_Latn, swa_Latn, tam_Latn, tam_Taml, tel_Latn, tel_Telu, tha_Latn, tgl_Latn, tur_Latn, uig_Latn, ukr_Latn, urd_Latn, urd_Arab, uzb_Latn, vie_Latn, xho_Latn, yid_Latn, zho_Hant, zho_Hans",768.0,278000000.0,"Sentence Transformers, PyTorch",mit,https://huggingface.co/intfloat/multilingual-e5-base
intfloat/multilingual-e5-large,ab10c1a7f42e74530fe7ae5be82e6d4f11a719eb,"afr_Latn, amh_Latn, ara_Latn, asm_Latn, aze_Latn, bel_Latn, bul_Latn, ben_Latn, ben_Beng, bre_Latn, bos_Latn, cat_Latn, ces_Latn, cym_Latn, dan_Latn, deu_Latn, ell_Latn, eng_Latn, epo_Latn, spa_Latn, est_Latn, eus_Latn, fas_Latn, fin_Latn, fra_Latn, fry_Latn, gle_Latn, gla_Latn, glg_Latn, guj_Latn, hau_Latn, heb_Latn, hin_Latn, hin_Deva, hrv_Latn, hun_Latn, hye_Latn, ind_Latn, isl_Latn, ita_Latn, jpn_Latn, jav_Latn, kat_Latn, kaz_Latn, khm_Latn, kan_Latn, kor_Latn, kur_Latn, kir_Latn, lat_Latn, lao_Latn, lit_Latn, lav_Latn, mlg_Latn, mkd_Latn, mal_Latn, mon_Latn, mar_Latn, msa_Latn, mya_Latn, nep_Latn, nld_Latn, nob_Latn, orm_Latn, ori_Latn, pan_Latn, pol_Latn, pus_Latn, por_Latn, ron_Latn, rus_Latn, san_Latn, snd_Latn, sin_Latn, slk_Latn, slv_Latn, som_Latn, sqi_Latn, srp_Latn, sun_Latn, swe_Latn, swa_Latn, tam_Latn, tam_Taml, tel_Latn, tel_Telu, tha_Latn, tgl_Latn, tur_Latn, uig_Latn, ukr_Latn, urd_Latn, urd_Arab, uzb_Latn, vie_Latn, xho_Latn, yid_Latn, zho_Hant, zho_Hans",1024.0,560000000.0,"Sentence Transformers, PyTorch",mit,https://huggingface.co/intfloat/multilingual-e5-large
intfloat/e5-small-v2,dca8b1a9dae0d4575df2bf423a5edb485a431236,eng_Latn,384.0,33000000.0,"Sentence Transformers, PyTorch",mit,https://huggingface.co/intfloat/e5-small-v2
intfloat/e5-small,e272f3049e853b47cb5ca3952268c6662abda68f,eng_Latn,384.0,33000000.0,"Sentence Transformers, PyTorch",mit,https://huggingface.co/intfloat/e5-small
intfloat/e5-base-v2,1c644c92ad3ba1efdad3f1451a637716616a20e8,eng_Latn,768.0,109000000.0,"Sentence Transformers, PyTorch",mit,https://huggingface.co/intfloat/e5-base-v2
intfloat/e5-large-v2,b322e09026e4ea05f42beadf4d661fb4e101d311,eng_Latn,1024.0,335000000.0,"Sentence Transformers, PyTorch",mit,https://huggingface.co/intfloat/e5-large-v2
intfloat/e5-large,4dc6d853a804b9c8886ede6dda8a073b7dc08a81,eng-Latn,1024.0,335000000.0,"Sentence Transformers, PyTorch",apache-2.0,https://huggingface.co/intfloat/e5-large
intfloat/e5-base,b533fe4636f4a2507c08ddab40644d20b0006d6a,eng-Latn,768.0,109000000.0,"Sentence Transformers, PyTorch",apache-2.0,https://huggingface.co/intfloat/e5-base
royokong/e5-v,0c1f22679417b3ae925d779442221c40cd1861ab,eng_Latn,4096.0,8360000000.0,PyTorch,,https://huggingface.co/royokong/e5-v
QuanSun/EVA02-CLIP-B-16,11afd202f2ae80869d6cef18b1ec775e79bd8d12,eng_Latn,512.0,149000000.0,PyTorch,mit,https://huggingface.co/QuanSun/EVA-CLIP
QuanSun/EVA02-CLIP-L-14,11afd202f2ae80869d6cef18b1ec775e79bd8d12,eng_Latn,768.0,428000000.0,PyTorch,mit,https://huggingface.co/QuanSun/EVA-CLIP
QuanSun/EVA02-CLIP-bigE-14,11afd202f2ae80869d6cef18b1ec775e79bd8d12,eng_Latn,1024.0,4700000000.0,PyTorch,mit,https://huggingface.co/QuanSun/EVA-CLIP
QuanSun/EVA02-CLIP-bigE-14-plus,11afd202f2ae80869d6cef18b1ec775e79bd8d12,eng_Latn,1024.0,5000000000.0,PyTorch,mit,https://huggingface.co/QuanSun/EVA-CLIP
google/text-embedding-004,1,eng-Latn,768.0,,API,,https://cloud.google.com/vertex-ai/generative-ai/docs/embeddings/get-text-embeddings
google/text-embedding-005,1,eng-Latn,768.0,,API,,https://cloud.google.com/vertex-ai/generative-ai/docs/embeddings/get-text-embeddings
google/text-multilingual-embedding-002,1,"arb_Arab, ben_Beng, eng_Latn, spa_Latn, deu_Latn, pes_Arab, fin_Latn, fra_Latn, hin_Deva, ind_Latn, jpn_Jpan, kor_Hang, rus_Cyrl, swh_Latn, tel_Telu, tha_Thai, yor_Latn, zho_Hant, zho_Hans",768.0,,API,,https://cloud.google.com/vertex-ai/generative-ai/docs/embeddings/get-text-embeddings
google/gemini-embedding-exp-03-07,1,"arb_Arab, ben_Beng, eng_Latn, spa_Latn, deu_Latn, pes_Arab, fin_Latn, fra_Latn, hin_Deva, ind_Latn, jpn_Jpan, kor_Hang, rus_Cyrl, swh_Latn, tel_Telu, tha_Thai, yor_Latn, zho_Hant, zho_Hans",3072.0,,API,,https://developers.googleblog.com/en/gemini-embedding-text-model-now-available-gemini-api/
GritLM/GritLM-7B,13f00a0e36500c80ce12870ea513846a066004af,"eng_Latn, fra_Latn, deu_Latn, ita_Latn, spa_Latn",4096.0,7240000000.0,"GritLM, PyTorch",apache-2.0,https://huggingface.co/GritLM/GritLM-7B
GritLM/GritLM-8x7B,7f089b13e3345510281733ca1e6ff871b5b4bc76,"eng_Latn, fra_Latn, deu_Latn, ita_Latn, spa_Latn",4096.0,57920000000.0,"GritLM, PyTorch",apache-2.0,https://huggingface.co/GritLM/GritLM-8x7B
Alibaba-NLP/gte-Qwen2-7B-instruct,e26182b2122f4435e8b3ebecbf363990f409b45b,,3584.0,7613000000.0,"Sentence Transformers, PyTorch",apache-2.0,https://huggingface.co/Alibaba-NLP/gte-Qwen2-7B-instruct
Alibaba-NLP/gte-Qwen1.5-7B-instruct,07d27e5226328010336563bc1b564a5e3436a298,eng_Latn,4096.0,7720000000.0,"Sentence Transformers, PyTorch",apache-2.0,https://huggingface.co/Alibaba-NLP/gte-Qwen1.5-7B-instruct
Alibaba-NLP/gte-Qwen2-1.5B-instruct,c6c1b92f4a3e1b92b326ad29dd3c8433457df8dd,eng_Latn,8960.0,1780000000.0,"Sentence Transformers, PyTorch",apache-2.0,https://huggingface.co/Alibaba-NLP/gte-Qwen2-1.5B-instruct
thenlper/gte-small-zh,af7bd46fbb00b3a6963c8dd7f1786ddfbfbe973a,zho_Hans,1024.0,30300000.0,"Sentence Transformers, PyTorch",mit,https://huggingface.co/thenlper/gte-small-zh
thenlper/gte-base-zh,71ab7947d6fac5b64aa299e6e40e6c2b2e85976c,zho_Hans,1024.0,102000000.0,"Sentence Transformers, PyTorch",mit,https://huggingface.co/thenlper/gte-base-zh
thenlper/gte-large-zh,64c364e579de308104a9b2c170ca009502f4f545,zho_Hans,1024.0,326000000.0,"Sentence Transformers, PyTorch",mit,https://huggingface.co/thenlper/gte-large-zh
Alibaba-NLP/gte-multilingual-base,ca1791e0bcc104f6db161f27de1340241b13c5a4,"afr_Latn, ara_Arab, aze_Latn, bel_Cyrl, bul_Cyrl, ben_Beng, cat_Latn, ceb_Latn, ces_Latn, cym_Latn, dan_Latn, deu_Latn, ell_Grek, eng_Latn, spa_Latn, est_Latn, eus_Latn, fas_Arab, fin_Latn, fra_Latn, glg_Latn, guj_Gujr, heb_Hebr, hin_Deva, hrv_Latn, hat_Latn, hun_Latn, hye_Armn, ind_Latn, isl_Latn, ita_Latn, jpn_Jpan, jav_Latn, kat_Geor, kaz_Cyrl, khm_Khmr, kan_Knda, kor_Hang, kir_Cyrl, lao_Laoo, lit_Latn, lav_Latn, mkd_Cyrl, mal_Mlym, mon_Cyrl, mar_Deva, msa_Latn, mya_Mymr, nep_Deva, nld_Latn, nor_Latn, pan_Guru, pol_Latn, por_Latn, que_Latn, ron_Latn, rus_Cyrl, sin_Sinh, slk_Latn, slv_Latn, swa_Latn, tam_Taml, tel_Telu, tha_Thai, tgl_Latn, tur_Latn, ukr_Cyrl, urd_Arab, vie_Latn, yor_Latn, zho_Hans",1024.0,305000000.0,"Sentence Transformers, PyTorch",apache-2.0,https://huggingface.co/Alibaba-NLP/gte-multilingual-base
Alibaba-NLP/gte-modernbert-base,7ca8b4ca700621b67618669f5378fe5f5820b8e4,eng_Latn,768.0,149000000.0,"Sentence Transformers, PyTorch",apache-2.0,https://huggingface.co/Alibaba-NLP/gte-modernbert-base
Alibaba-NLP/gte-base-en-v1.5,a829fd0e060bb84554da0dfd354d0de0f7712b7f,eng-Latn,768.0,137000000.0,"Sentence Transformers, PyTorch",apache-2.0,https://huggingface.co/Alibaba-NLP/gte-base-en-v1.5
ibm-granite/granite-embedding-107m-multilingual,47db56afe692f731540413c67dd818ff492277e7,"ara_Latn, ces_Latn, deu_Latn, eng_Latn, spa_Latn, fra_Latn, ita_Latn, jpn_Latn, kor_Latn, nld_Latn, por_Latn, zho_Hant, zho_Hans",384.0,107000000.0,"Sentence Transformers, PyTorch",apache-2.0,https://huggingface.co/ibm-granite/granite-embedding-107m-multilingual
ibm-granite/granite-embedding-278m-multilingual,84e3546b88b0cb69f8078608a1df558020bcbf1f,"ara_Latn, ces_Latn, deu_Latn, eng_Latn, spa_Latn, fra_Latn, ita_Latn, jpn_Latn, kor_Latn, nld_Latn, por_Latn, zho_Hant, zho_Hans",768.0,278000000.0,"Sentence Transformers, PyTorch",apache-2.0,https://huggingface.co/ibm-granite/granite-embedding-278m-multilingual
ibm-granite/granite-embedding-30m-english,eddbb57470f896b5f8e2bfcb823d8f0e2d2024a5,eng_Latn,384.0,30000000.0,"Sentence Transformers, PyTorch",apache-2.0,https://huggingface.co/ibm-granite/granite-embedding-30m-english
ibm-granite/granite-embedding-125m-english,e48d3a5b47eaa18e3fe07d4676e187fd80f32730,eng_Latn,768.0,125000000.0,"Sentence Transformers, PyTorch",apache-2.0,https://huggingface.co/ibm-granite/granite-embedding-125m-english
infly/inf-retriever-v1,cb70ca7c31dfa866b2eff2dad229c144d8ddfd91,"eng_Latn, zho_Hans",3584.0,7069121024.0,"Sentence Transformers, PyTorch",apache-2.0,https://huggingface.co/infly/inf-retriever-v1
infly/inf-retriever-v1-1.5b,c9c05c2dd50707a486966ba81703021ae2094a06,"eng_Latn, zho_Hans",1536.0,1543268864.0,"Sentence Transformers, PyTorch",apache-2.0,https://huggingface.co/infly/inf-retriever-v1-1.5b
infgrad/jasper_en_vision_language_v1,d6330ce98f8a0d741e781df845904c9484f00efa,eng-Latn,8960.0,1999000000.0,"Sentence Transformers, PyTorch",apache-2.0,https://huggingface.co/infgrad/jasper_en_vision_language_v1/tree/main
jinaai/jina-embeddings-v3,215a6e121fa0183376388ac6b1ae230326bfeaed,"afr_Latn, amh_Latn, ara_Latn, asm_Latn, aze_Latn, bel_Latn, bul_Latn, ben_Latn, ben_Beng, bre_Latn, bos_Latn, cat_Latn, ces_Latn, cym_Latn, dan_Latn, deu_Latn, ell_Latn, eng_Latn, epo_Latn, spa_Latn, est_Latn, eus_Latn, fas_Latn, fin_Latn, fra_Latn, fry_Latn, gle_Latn, gla_Latn, glg_Latn, guj_Latn, hau_Latn, heb_Latn, hin_Latn, hin_Deva, hrv_Latn, hun_Latn, hye_Latn, ind_Latn, isl_Latn, ita_Latn, jpn_Latn, jav_Latn, kat_Latn, kaz_Latn, khm_Latn, kan_Latn, kor_Latn, kur_Latn, kir_Latn, lat_Latn, lao_Latn, lit_Latn, lav_Latn, mlg_Latn, mkd_Latn, mal_Latn, mon_Latn, mar_Latn, msa_Latn, mya_Latn, nep_Latn, nld_Latn, nob_Latn, orm_Latn, ori_Latn, pan_Latn, pol_Latn, pus_Latn, por_Latn, ron_Latn, rus_Latn, san_Latn, snd_Latn, sin_Latn, slk_Latn, slv_Latn, som_Latn, sqi_Latn, srp_Latn, sun_Latn, swe_Latn, swa_Latn, tam_Latn, tam_Taml, tel_Latn, tel_Telu, tha_Latn, tgl_Latn, tur_Latn, uig_Latn, ukr_Latn, urd_Latn, urd_Arab, uzb_Latn, vie_Latn, xho_Latn, yid_Latn, zho_Hant, zho_Hans",1024.0,572000000.0,"Sentence Transformers, PyTorch",cc-by-nc-4.0,https://huggingface.co/jinaai/jina-embeddings-v3
jinaai/jina-embeddings-v2-base-en,6e85f575bc273f1fd840a658067d0157933c83f0,eng-Latn,768.0,137000000.0,"Sentence Transformers, PyTorch",apache-2.0,https://huggingface.co/jinaai/jina-embeddings-v2-base-en
jinaai/jina-embeddings-v2-small-en,44e7d1d6caec8c883c2d4b207588504d519788d0,eng-Latn,512.0,32700000.0,"Sentence Transformers, PyTorch",apache-2.0,https://huggingface.co/jinaai/jina-embeddings-v2-small-en
jinaai/jina-embedding-b-en-v1,32aa658e5ceb90793454d22a57d8e3a14e699516,eng-Latn,768.0,110000000.0,"Sentence Transformers, PyTorch",apache-2.0,https://huggingface.co/jinaai/jina-embedding-b-en-v1
jinaai/jina-embedding-s-en-v1,5ac6cd473e2324c6d5f9e558a6a9f65abb57143e,eng-Latn,512.0,35000000.0,"Sentence Transformers, PyTorch",apache-2.0,https://huggingface.co/jinaai/jina-embedding-s-en-v1
jinaai/jina-clip-v1,06150c7c382d7a4faedc7d5a0d8cdb59308968f4,eng_Latn,768.0,223000000.0,PyTorch,apache-2.0,https://huggingface.co/jinaai/jina-clip-v1
yibinlei/LENS-d4000,e473b33364e6c48a324796fd1411d3b93670c6fe,,4000.0,7110000000.0,PyTorch,apache-2.0,https://huggingface.co/yibinlei/LENS-d4000
yibinlei/LENS-d8000,a0b87bd91cb27b6f2f0b0fe22c28026da1d464ef,,8000.0,7110000000.0,PyTorch,apache-2.0,https://huggingface.co/yibinlei/LENS-d8000
Linq-AI-Research/Linq-Embed-Mistral,0c1a0b0589177079acc552433cad51d7c9132379,eng_Latn,4096.0,7110000000.0,"Sentence Transformers, PyTorch",cc-by-nc-4.0,https://huggingface.co/Linq-AI-Research/Linq-Embed-Mistral
microsoft/LLM2CLIP-Openai-L-14-336,92512331f393a003c3d98404677f991c188162c9,eng_Latn,1280.0,579000000.0,PyTorch,apache-2.0,https://huggingface.co/microsoft/LLM2CLIP-Openai-L-14-336
microsoft/LLM2CLIP-Openai-L-14-224,6b8a11a94ff380fa220dfefe73ac9293d2677575,eng_Latn,1280.0,578000000.0,PyTorch,apache-2.0,https://huggingface.co/microsoft/LLM2CLIP-Openai-L-14-224
microsoft/LLM2CLIP-Openai-B-16,ecfb347eb3dcfeb2fbc2a2eae7de6ac5a001aaf8,eng_Latn,1280.0,361000000.0,PyTorch,apache-2.0,https://huggingface.co/microsoft/LLM2CLIP-Openai-B-16
McGill-NLP/LLM2Vec-Meta-Llama-3-8B-Instruct-mntp-supervised,baa8ebf04a1c2500e61288e7dad65e8ae42601a7,eng_Latn,4096.0,7505000000.0,"LLM2Vec, PyTorch",mit,https://huggingface.co/McGill-NLP/LLM2Vec-Meta-Llama-3-8B-Instruct-mntp-supervised
McGill-NLP/LLM2Vec-Meta-Llama-3-8B-Instruct-mntp-unsup-simcse,1cb7b735326d13a8541db8f57f35da5373f5e9c6,eng_Latn,4096.0,7505000000.0,"LLM2Vec, PyTorch",mit,https://huggingface.co/McGill-NLP/LLM2Vec-Meta-Llama-3-8B-Instruct-mntp-unsup-simcse
McGill-NLP/LLM2Vec-Mistral-7B-Instruct-v2-mntp-supervised,0ae69bdd5816105778b971c3138e8f8a18eaa3ae,eng_Latn,4096.0,7111000000.0,"LLM2Vec, PyTorch",mit,https://huggingface.co/McGill-NLP/LLM2Vec-Mistral-7B-Instruct-v2-mntp-supervised
McGill-NLP/LLM2Vec-Mistral-7B-Instruct-v2-mntp-unsup-simcse,2c055a5d77126c0d3dc6cd8ffa30e2908f4f45f8,eng_Latn,4096.0,7111000000.0,"LLM2Vec, PyTorch",mit,https://huggingface.co/McGill-NLP/LLM2Vec-Mistral-7B-Instruct-v2-mntp-unsup-simcse
McGill-NLP/LLM2Vec-Llama-2-7b-chat-hf-mntp-supervised,2c055a5d77126c0d3dc6cd8ffa30e2908f4f45f8,eng_Latn,4096.0,7111000000.0,"LLM2Vec, PyTorch",mit,https://huggingface.co/McGill-NLP/LLM2Vec-Llama-2-7b-chat-hf-mntp-supervised
McGill-NLP/LLM2Vec-Llama-2-7b-chat-hf-mntp-unsup-simcse,a76944871d169ebe7c97eb921764cd063afed785,eng_Latn,4096.0,7111000000.0,"LLM2Vec, PyTorch",mit,https://huggingface.co/McGill-NLP/LLM2Vec-Llama-2-7b-chat-hf-mntp-unsup-simcse
McGill-NLP/LLM2Vec-Sheared-LLaMA-mntp-supervised,a5943d406c6b016fef3f07906aac183cf1a0b47d,eng_Latn,4096.0,7111000000.0,"LLM2Vec, PyTorch",mit,https://huggingface.co/McGill-NLP/LLM2Vec-Sheared-LLaMA-mntp-supervised
McGill-NLP/LLM2Vec-Sheared-LLaMA-mntp-unsup-simcse,a5943d406c6b016fef3f07906aac183cf1a0b47d,eng_Latn,4096.0,7111000000.0,"LLM2Vec, PyTorch",mit,https://huggingface.co/McGill-NLP/LLM2Vec-Sheared-LLaMA-mntp-unsup-simcse
Haon-Chen/speed-embedding-7b-instruct,c167e9a8144b397622ce47b85d9edcdeecef3d3f,eng_Latn,,7110660096.0,PyTorch,mit,https://huggingface.co/Haon-Chen/speed-embedding-7b-instruct
Gameselo/STS-multilingual-mpnet-base-v2,449f917af30f590fc31f9ffb226c94f21a2f47b8,,768.0,278043648.0,"PyTorch, Sentence Transformers",,https://huggingface.co/Gameselo/STS-multilingual-mpnet-base-v2
HIT-TMG/KaLM-embedding-multilingual-mini-instruct-v1,45e42c89990c40aca042659133fc8b13c28634b5,,896.0,494032768.0,PyTorch,mit,https://huggingface.co/HIT-TMG/KaLM-embedding-multilingual-mini-instruct-v1
HIT-TMG/KaLM-embedding-multilingual-mini-v1,8a82a0cd2b322b91723e252486f7cce6fd8ac9d3,,896.0,494032768.0,PyTorch,mit,https://huggingface.co/HIT-TMG/KaLM-embedding-multilingual-mini-v1
Hum-Works/lodestone-base-4096-v1,9bbc2d0b57dd2198aea029404b0f976712a7d966,eng_Latn,768.0,,PyTorch,apache-2.0,https://huggingface.co/Hum-Works/lodestone-base-4096-v1
Jaume/gemma-2b-embeddings,86431f65d7c3f66b2af096c61e614a2958f191f1,,2048.0,2506172416.0,"PyTorch, Sentence Transformers",,https://huggingface.co/Jaume/gemma-2b-embeddings
BeastyZ/e5-R-mistral-7b,3f810a6a7fd220369ad248e3705cf13d71803602,eng_Latn,,7241732096.0,PyTorch,apache-2.0,https://huggingface.co/BeastyZ/e5-R-mistral-7b
Lajavaness/bilingual-embedding-base,0bfc54bb2aa2666dd84715289c7ef58a95eb4d8d,,768.0,278043648.0,"PyTorch, Sentence Transformers",apache-2.0,https://huggingface.co/Lajavaness/bilingual-embedding-base
Lajavaness/bilingual-embedding-large,e83179d7a66e8aed1b3015e98bb5ae234ed89598,"fra_Latn, eng_Latn",1024.0,559890432.0,"PyTorch, Sentence Transformers",apache-2.0,https://huggingface.co/Lajavaness/bilingual-embedding-large
Lajavaness/bilingual-embedding-small,ed4a1dd814de0db81d4a4e287c296a03194463e3,"fra_Latn, eng_Latn",384.0,117653760.0,"PyTorch, Sentence Transformers",apache-2.0,https://huggingface.co/Lajavaness/bilingual-embedding-small
Mihaiii/Bulbasaur,6876f839e18ae36224049a41194a431953f08747,,384.0,17389824.0,"PyTorch, Sentence Transformers",mit,https://huggingface.co/Mihaiii/Bulbasaur
Mihaiii/Ivysaur,65914d976f45beb4bda7485c39d88865b4ce6554,,384.0,22713216.0,"PyTorch, Sentence Transformers",mit,https://huggingface.co/Mihaiii/Ivysaur
Mihaiii/Squirtle,5b991da48a9286637a256d4a35aab87a1a57b78a,,384.0,15615360.0,"PyTorch, Sentence Transformers",mit,https://huggingface.co/Mihaiii/Squirtle
Mihaiii/Venusaur,0dc817f0addbb7bab8feeeeaded538f9ffeb3419,,384.0,15615360.0,"PyTorch, Sentence Transformers",mit,https://huggingface.co/Mihaiii/Venusaur
Mihaiii/Wartortle,14caca5253414d38a7d28b62d1b7c30ef3293a87,,384.0,17389824.0,"PyTorch, Sentence Transformers",mit,https://huggingface.co/Mihaiii/Wartortle
Mihaiii/gte-micro,6fd2397cb9dfa7c901aedf9a2a44d3c888ccafdd,,384.0,17389824.0,"PyTorch, Sentence Transformers",mit,https://huggingface.co/Mihaiii/gte-micro
Mihaiii/gte-micro-v4,78e1a4b348f8524c3ab2e3e3475788f5adb8c98f,,384.0,19164288.0,"PyTorch, Sentence Transformers",mit,https://huggingface.co/Mihaiii/gte-micro-v4
OrdalieTech/Solon-embeddings-large-0.1,9f6465f6ea2f6d10c6294bc15d84edf87d47cdef,fra_Latn,1024.0,559890432.0,PyTorch,mit,https://huggingface.co/OrdalieTech/Solon-embeddings-large-0.1
Omartificial-Intelligence-Space/Arabert-all-nli-triplet-Matryoshka,d0361a36f6fe69febfc8550d0918abab174f6f30,ara_Arab,768.0,135193344.0,"PyTorch, Sentence Transformers",apache-2.0,https://huggingface.co/Omartificial-Intelligence-Space/Arabert-all-nli-triplet-Matryoshka
Omartificial-Intelligence-Space/Arabic-MiniLM-L12-v2-all-nli-triplet,6916465c43b984e955aa6dc72851474f0128f428,ara_Arab,384.0,117653760.0,"PyTorch, Sentence Transformers",apache-2.0,https://huggingface.co/Omartificial-Intelligence-Space/Arabic-MiniLM-L12-v2-all-nli-triplet
Omartificial-Intelligence-Space/Arabic-all-nli-triplet-Matryoshka,1ca467cc576bd76666a4d21b24ee43afa914dd10,ara_Arab,768.0,278043648.0,"PyTorch, Sentence Transformers",apache-2.0,https://huggingface.co/Omartificial-Intelligence-Space/Arabic-all-nli-triplet-Matryoshka
Omartificial-Intelligence-Space/Arabic-labse-Matryoshka,ee6d5e33c78ed582ade47fd452a74ea52aa5bfe2,ara_Arab,768.0,470926848.0,"PyTorch, Sentence Transformers",apache-2.0,https://huggingface.co/Omartificial-Intelligence-Space/Arabic-labse-Matryoshka
Omartificial-Intelligence-Space/Arabic-mpnet-base-all-nli-triplet,2628cb641e040f44328195fadcdfb58e6d5cffa7,ara_Arab,768.0,109486464.0,"PyTorch, Sentence Transformers",apache-2.0,https://huggingface.co/Omartificial-Intelligence-Space/Arabic-mpnet-base-all-nli-triplet
Omartificial-Intelligence-Space/Marbert-all-nli-triplet-Matryoshka,ecf3274e164f057c4a3dd70691cae0265d87a9d0,ara_Arab,768.0,162841344.0,"PyTorch, Sentence Transformers",apache-2.0,https://huggingface.co/Omartificial-Intelligence-Space/Marbert-all-nli-triplet-Matryoshka
consciousAI/cai-lunaris-text-embeddings,8332c464d13505968ff7a6e2213f36fd8730b4c7,,1024.0,,PyTorch,apache-2.0,https://huggingface.co/consciousAI/cai-lunaris-text-embeddings
consciousAI/cai-stellaris-text-embeddings,c000ec4b29588daf0f4a0b2ad4e72ee807d8efc0,,768.0,,PyTorch,,https://huggingface.co/consciousAI/cai-stellaris-text-embeddings
manu/sentence_croissant_alpha_v0.2,4610b8cea65d7dd59e0b04af50753933fe5b29b2,,2048.0,1279887360.0,"PyTorch, Sentence Transformers",,https://huggingface.co/manu/sentence_croissant_alpha_v0.2
manu/sentence_croissant_alpha_v0.3,4ac16754f3d81aba76cc32955dc9ee4122df96eb,,2048.0,1279887360.0,"PyTorch, Sentence Transformers",,https://huggingface.co/manu/sentence_croissant_alpha_v0.3
manu/sentence_croissant_alpha_v0.4,0ce6372e6a3c21134dcf26dcde13cca869c767fc,"fra_Latn, eng_Latn",2048.0,1279887360.0,"PyTorch, Sentence Transformers",mit,https://huggingface.co/manu/sentence_croissant_alpha_v0.4
thenlper/gte-base,c078288308d8dee004ab72c6191778064285ec0c,eng_Latn,768.0,109482752.0,PyTorch,mit,https://huggingface.co/thenlper/gte-base
thenlper/gte-large,4bef63f39fcc5e2d6b0aae83089f307af4970164,eng_Latn,1024.0,335142400.0,PyTorch,mit,https://huggingface.co/thenlper/gte-large
thenlper/gte-small,17e1f347d17fe144873b1201da91788898c639cd,eng_Latn,384.0,33360512.0,PyTorch,mit,https://huggingface.co/thenlper/gte-small
OrlikB/KartonBERT-USE-base-v1,1f59dd58fe57995c0e867d5e29f03763eae99645,pol_Latn,768.0,103705344.0,PyTorch,gpl-3.0,https://huggingface.co/OrlikB/KartonBERT-USE-base-v1
OrlikB/st-polish-kartonberta-base-alpha-v1,5590a0e2d7bb43674e44d7076b3ff157f7d4a1cb,pol_Latn,768.0,,PyTorch,lgpl,https://huggingface.co/OrlikB/st-polish-kartonberta-base-alpha-v1
sdadas/mmlw-e5-base,f10628ed55b5ec400502aff439bd714a6da0af30,pol_Latn,768.0,278043648.0,PyTorch,apache-2.0,https://huggingface.co/sdadas/mmlw-e5-base
dwzhu/e5-base-4k,1b5664b8cb2bccd8c309429b7bfe5864402e8fbc,eng_Latn,,,PyTorch,mit,https://huggingface.co/dwzhu/e5-base-4k
sdadas/mmlw-e5-large,5c143fb045ebed664fd85b43fc45155999eb110f,pol_Latn,1024.0,559890432.0,PyTorch,apache-2.0,https://huggingface.co/sdadas/mmlw-e5-large
sdadas/mmlw-e5-small,ff1298cb6d997f18b794d2f3d73cad2ba2ad739a,pol_Latn,384.0,117653760.0,PyTorch,apache-2.0,https://huggingface.co/sdadas/mmlw-e5-small
sdadas/mmlw-roberta-base,0ac7f23f6c96af601fa6a17852bd08d5136d6365,pol_Latn,768.0,124442880.0,PyTorch,apache-2.0,https://huggingface.co/sdadas/mmlw-roberta-base
sdadas/mmlw-roberta-large,b8058066a8de32d0737b3cd82d8b4f4108745af9,pol_Latn,1024.0,434961408.0,PyTorch,apache-2.0,https://huggingface.co/sdadas/mmlw-roberta-large
izhx/udever-bloom-1b1,7bf1ee29878cb040b2708a691aa4b61f27eaa252,"aka_Latn, ara_Arab, asm_Beng, bam_Latn, ben_Beng, cat_Latn, eng_Latn, spa_Latn, eus_Latn, fon_Latn, fra_Latn, guj_Gujr, hin_Deva, ind_Latn, ibo_Latn, kik_Latn, kan_Knda, lug_Latn, lin_Latn, mal_Mlym, mar_Deva, nep_Deva, nso_Latn, nya_Latn, ori_Orya, pan_Guru, por_Latn, run_Latn, kin_Latn, sna_Latn, sot_Latn, swa_Latn, tam_Taml, tel_Telu, tsn_Latn, tso_Latn, tum_Latn, twi_Latn, urd_Arab, vie_Latn, wol_Latn, xho_Latn, yor_Latn, zho_Hans, zul_Latn",,,PyTorch,https://huggingface.co/spaces/bigscience/license,https://huggingface.co/izhx/udever-bloom-1b1
izhx/udever-bloom-3b,4edd8affe80ca89ba0f6b6ba4103fc7f25fc57b2,"aka_Latn, ara_Arab, asm_Beng, bam_Latn, ben_Beng, cat_Latn, eng_Latn, spa_Latn, eus_Latn, fon_Latn, fra_Latn, guj_Gujr, hin_Deva, ind_Latn, ibo_Latn, kik_Latn, kan_Knda, lug_Latn, lin_Latn, mal_Mlym, mar_Deva, nep_Deva, nso_Latn, nya_Latn, ori_Orya, pan_Guru, por_Latn, run_Latn, kin_Latn, sna_Latn, sot_Latn, swa_Latn, tam_Taml, tel_Telu, tsn_Latn, tso_Latn, tum_Latn, twi_Latn, urd_Arab, vie_Latn, wol_Latn, xho_Latn, yor_Latn, zho_Hans, zul_Latn",,,PyTorch,https://huggingface.co/spaces/bigscience/license,https://huggingface.co/izhx/udever-bloom-3b
izhx/udever-bloom-560m,b2a723e355946ec5a5c5fbed3459766627ded2bb,"aka_Latn, ara_Arab, asm_Beng, bam_Latn, ben_Beng, cat_Latn, eng_Latn, spa_Latn, eus_Latn, fon_Latn, fra_Latn, guj_Gujr, hin_Deva, ind_Latn, ibo_Latn, kik_Latn, kan_Knda, lug_Latn, lin_Latn, mal_Mlym, mar_Deva, nep_Deva, nso_Latn, nya_Latn, ori_Orya, pan_Guru, por_Latn, run_Latn, kin_Latn, sna_Latn, sot_Latn, swa_Latn, tam_Taml, tel_Telu, tsn_Latn, tso_Latn, tum_Latn, twi_Latn, urd_Arab, vie_Latn, wol_Latn, xho_Latn, yor_Latn, zho_Hans, zul_Latn",,,PyTorch,https://huggingface.co/spaces/bigscience/license,https://huggingface.co/izhx/udever-bloom-560m
izhx/udever-bloom-7b1,18e8d3e6dbd94868584877f2e72a105a17df22ef,"aka_Latn, ara_Arab, asm_Beng, bam_Latn, ben_Beng, cat_Latn, eng_Latn, spa_Latn, eus_Latn, fon_Latn, fra_Latn, guj_Gujr, hin_Deva, ind_Latn, ibo_Latn, kik_Latn, kan_Knda, lug_Latn, lin_Latn, mal_Mlym, mar_Deva, nep_Deva, nso_Latn, nya_Latn, ori_Orya, pan_Guru, por_Latn, run_Latn, kin_Latn, sna_Latn, sot_Latn, swa_Latn, tam_Taml, tel_Telu, tsn_Latn, tso_Latn, tum_Latn, twi_Latn, urd_Arab, vie_Latn, wol_Latn, xho_Latn, yor_Latn, zho_Hans, zul_Latn",,,PyTorch,https://huggingface.co/spaces/bigscience/license,https://huggingface.co/izhx/udever-bloom-7b1
avsolatorio/GIST-Embedding-v0,bf6b2e55e92f510a570ad4d7d2da2ec8cd22590c,eng_Latn,768.0,109482240.0,"PyTorch, Sentence Transformers",mit,https://huggingface.co/avsolatorio/GIST-Embedding-v0
avsolatorio/GIST-all-MiniLM-L6-v2,ea89dfad053bba14677bb784a4269898abbdce44,eng_Latn,384.0,22713216.0,"PyTorch, Sentence Transformers",mit,https://huggingface.co/avsolatorio/GIST-all-MiniLM-L6-v2
avsolatorio/GIST-large-Embedding-v0,7831200e2f7819b994490c091cf3258a2b821f0c,eng_Latn,1024.0,335141888.0,"PyTorch, Sentence Transformers",mit,https://huggingface.co/avsolatorio/GIST-large-Embedding-v0
avsolatorio/GIST-small-Embedding-v0,d6c4190f9e01b9994dc7cac99cf2f2b85cfb57bc,eng_Latn,384.0,33360000.0,"PyTorch, Sentence Transformers",mit,https://huggingface.co/avsolatorio/GIST-small-Embedding-v0
bigscience/sgpt-bloom-7b1-msmarco,dc579f3d2d5a0795eba2049e16c3e36c74007ad3,,4096.0,,PyTorch,,https://huggingface.co/bigscience/sgpt-bloom-7b1-msmarco
aari1995/German_Semantic_STS_V2,22912542b0ec7a7ef369837e28ffe6352a27afc9,deu_Latn,1024.0,335736320.0,PyTorch,,https://huggingface.co/aari1995/German_Semantic_STS_V2
abhinand/MedEmbed-small-v0.1,40a5850d046cfdb56154e332b4d7099b63e8d50e,eng_Latn,384.0,33360000.0,PyTorch,apache-2.0,https://huggingface.co/abhinand/MedEmbed-small-v0.1
avsolatorio/NoInstruct-small-Embedding-v0,b38747000553d8268915c95a55fc87e707c9aadd,eng-Latn,384.0,33400000.0,PyTorch,mit,https://huggingface.co/avsolatorio/NoInstruct-small-Embedding-v0
brahmairesearch/slx-v0.1,688c83fd1a7f34b25575a2bc26cfd87c11b4ce71,eng_Latn,384.0,22713216.0,"PyTorch, Sentence Transformers",apache-2.0,https://huggingface.co/brahmairesearch/slx-v0.1
deepfile/embedder-100p,aa02f08f11517977fbcdc94dc9dbf9a1ca152d9b,,768.0,,PyTorch,,https://huggingface.co/deepfile/embedder-100p
deepvk/USER-bge-m3,0cc6cfe48e260fb0474c753087a69369e88709ae,rus_Cyrl,1024.0,359026688.0,"Sentence Transformers, PyTorch",apache-2.0,https://huggingface.co/deepvk/USER-base
infgrad/stella-base-en-v2,c9e80ff9892d80b39dc54e30a7873f91ea161034,eng_Latn,,,PyTorch,mit,https://huggingface.co/infgrad/stella-base-en-v2
malenia1/ternary-weight-embedding,a1208fb7f646647bb62639fd2e1eb6cc2ef3738e,,1024.0,98688000.0,PyTorch,,https://huggingface.co/malenia1/ternary-weight-embedding
omarelshehy/arabic-english-sts-matryoshka,763d116fbe8bf7883c64635c862feeaa3768bb64,"ara_Arab, eng_Latn",1024.0,559890432.0,"PyTorch, Sentence Transformers",apache-2.0,https://huggingface.co/omarelshehy/arabic-english-sts-matryoshka
openbmb/MiniCPM-Embedding,c0cb2de33fb366e17c30f9d53142ff11bc18e049,"zho_Hans, eng_Latn",2304.0,2724880896.0,"PyTorch, Sentence Transformers",,https://huggingface.co/openbmb/MiniCPM-Embedding
shibing624/text2vec-base-multilingual,6633dc49e554de7105458f8f2e96445c6598e9d1,"deu-Latn, eng-Latn, spa-Latn, fra-Latn, ita-Latn, nld-Latn, pol-Latn, por-Latn, rus-Cyrl, zho-Hans",384.0,118000000.0,"Sentence Transformers, PyTorch",apache-2.0,https://huggingface.co/shibing624/text2vec-base-chinese-paraphrase
silma-ai/silma-embeddding-matryoshka-v0.1,a520977a9542ebdb8a7206df6b7ff6977f1886ea,"ara_Arab, eng_Latn",768.0,135193344.0,"PyTorch, Sentence Transformers",apache-2.0,https://huggingface.co/silma-ai/silma-embeddding-matryoshka-v0.1
DMetaSoul/sbert-chinese-general-v1,bd27765956bcc2fcf682de0097819947ac10037e,zho_Hans,128.0,,"PyTorch, Sentence Transformers",apache-2.0,https://huggingface.co/DMetaSoul/sbert-chinese-general-v1
DMetaSoul/Dmeta-embedding-zh-small,2050d3439a2f68999dd648c1697471acaac37a29,zho_Hans,768.0,74200000.0,"PyTorch, Sentence Transformers",apache-2.0,https://huggingface.co/DMetaSoul/Dmeta-embedding-zh-small/
lier007/xiaobu-embedding,59c79d82eb5223cd9895f6eb8e825c7fa10e4e92,zho_Hans,1024.0,326000000.0,"PyTorch, Sentence Transformers",not specified,https://huggingface.co/lier007/xiaobu-embedding
lier007/xiaobu-embedding-v2,1912f2e59a5c2ef802a471d735a38702a5c9485e,zho_Hans,768.0,326000000.0,"PyTorch, Sentence Transformers",not specified,https://huggingface.co/lier007/xiaobu-embedding-v2
Classical/Yinka,59c79d82eb5223cd9895f6eb8e825c7fa10e4e92,zho_Hans,1024.0,326000000.0,"PyTorch, Sentence Transformers",not specified,https://huggingface.co/Classical/Yinka
TencentBAC/Conan-embedding-v1,bb9749a57d4f02fd71722386f8d0f5a9398d7eeb,zho_Hans,768.0,326000000.0,"PyTorch, Sentence Transformers",cc-by-nc-4.0,https://huggingface.co/Classical/Yinka
llmrails/ember-v1,5e5ce5904901f6ce1c353a95020f17f09e5d021d,eng_Latn,1024.0,335000000.0,"PyTorch, Sentence Transformers",mit,https://huggingface.co/llmrails/ember-v1
amazon/Titan-text-embeddings-v2,1,eng_Latn,,,,https://aws.amazon.com/service-terms/,https://huggingface.co/amazon/Titan-text-embeddings-v2
minishlab/M2V_base_glove_subword,5f4f5ca159b7321a8b39739bba0794fa0debddf4,eng_Latn,256.0,103000000.0,NumPy,mit,https://huggingface.co/minishlab/M2V_base_glove_subword
minishlab/M2V_base_glove,38ebd7f10f71e67fa8db898290f92b82e9cfff2b,eng_Latn,256.0,102000000.0,NumPy,mit,https://huggingface.co/minishlab/M2V_base_glove
minishlab/M2V_base_output,02460ae401a22b09d2c6652e23371398329551e2,eng_Latn,256.0,7560000.0,NumPy,mit,https://huggingface.co/minishlab/M2V_base_output
minishlab/M2V_multilingual_output,2cf4ec4e1f51aeca6c55cf9b93097d00711a6305,eng_Latn,256.0,128000000.0,NumPy,mit,https://huggingface.co/minishlab/M2V_multilingual_output
minishlab/potion-base-2M,86db093558fbced2072b929eb1690bce5272bd4b,eng_Latn,64.0,2000000.0,NumPy,mit,https://huggingface.co/minishlab/potion-base-2M
minishlab/potion-base-4M,81b1802ada41afcd0987a37dc15e569c9fa76f04,eng_Latn,128.0,3780000.0,NumPy,mit,https://huggingface.co/minishlab/potion-base-4M
minishlab/potion-base-8M,dcbec7aa2d52fc76754ac6291803feedd8c619ce,eng_Latn,256.0,7560000.0,NumPy,mit,https://huggingface.co/minishlab/potion-base-8M
moka-ai/m3e-base,764b537a0e50e5c7d64db883f2d2e051cbe3c64c,"zho_Hans, eng-Latn",768.0,102000000.0,"Sentence Transformers, PyTorch",https://huggingface.co/moka-ai/m3e-base#%F0%9F%93%9C-license,https://huggingface.co/moka-ai/m3e-base
moka-ai/m3e-small,44c696631b2a8c200220aaaad5f987f096e986df,"zho_Hans, eng-Latn",512.0,,"Sentence Transformers, PyTorch",https://huggingface.co/moka-ai/m3e-base#%F0%9F%93%9C-license,https://huggingface.co/moka-ai/m3e-small
moka-ai/m3e-large,12900375086c37ba5d83d1e417b21dc7d1d1f388,"zho_Hans, eng-Latn",768.0,,"Sentence Transformers, PyTorch",https://huggingface.co/moka-ai/m3e-base#%F0%9F%93%9C-license,https://huggingface.co/moka-ai/m3e-large
nyu-visionx/moco-v3-vit-b,7d091cd70772c5c0ecf7f00b5f12ca609a99d69d,eng_Latn,768.0,86600000.0,PyTorch,cc-by-nc-4.0,https://github.com/facebookresearch/moco-v3
nyu-visionx/moco-v3-vit-l,7bf75358d616f39b9716148bf4e3425f3bd35b47,eng_Latn,1024.0,304000000.0,PyTorch,cc-by-nc-4.0,https://github.com/facebookresearch/moco-v3
mixedbread-ai/mxbai-embed-large-v1,990580e27d329c7408b3741ecff85876e128e203,eng_Latn,1024.0,335000000.0,"Sentence Transformers, PyTorch",apache-2.0,https://huggingface.co/mixedbread-ai/mxbai-embed-large-v1
mixedbread-ai/mxbai-embed-2d-large-v1,7e639ca8e344af398876ead3b19ec3c0b9068f49,eng_Latn,768.0,335000000.0,"Sentence Transformers, PyTorch",apache-2.0,https://huggingface.co/mixedbread-ai/mxbai-embed-2d-large-v1
mixedbread-ai/mxbai-embed-xsmall-v1,2f741ec33328bb57e4704e1238fc59a4a5745705,eng_Latn,384.0,24100000.0,"Sentence Transformers, PyTorch",apache-2.0,https://huggingface.co/mixedbread-ai/mxbai-embed-xsmall-v1
nomic-ai/nomic-embed-text-v1.5,b0753ae76394dd36bcfb912a46018088bca48be0,eng-Latn,768.0,137000000.0,"Sentence Transformers, PyTorch",apache-2.0,https://huggingface.co/nomic-ai/nomic-embed-text-v1.5
nomic-ai/nomic-embed-text-v1,0759316f275aa0cb93a5b830973843ca66babcf5,eng-Latn,768.0,,"Sentence Transformers, PyTorch",apache-2.0,https://huggingface.co/nomic-ai/nomic-embed-text-v1
nomic-ai/nomic-embed-text-v1-ablated,7d948905c5d5d3874fa55a925d68e49dbf411e5f,eng-Latn,768.0,,"Sentence Transformers, PyTorch",apache-2.0,https://huggingface.co/nomic-ai/nomic-embed-text-v1-ablated
nomic-ai/nomic-embed-text-v1-unsupervised,b53d557b15ae63852847c222d336c1609eced93c,eng-Latn,768.0,,"Sentence Transformers, PyTorch",apache-2.0,https://huggingface.co/nomic-ai/nomic-embed-text-v1-unsupervised
nomic-ai/modernbert-embed-base,5960f1566fb7cb1adf1eb6e816639cf4646d9b12,eng-Latn,768.0,149000000.0,"Sentence Transformers, PyTorch",apache-2.0,https://huggingface.co/nomic-ai/modernbert-embed-base
nomic-ai/nomic-embed-vision-v1.5,af2246fffdab78d8458418480e4886a8e48b70a7,eng_Latn,768.0,92900000.0,PyTorch,apache-2.0,https://huggingface.co/nomic-ai/nomic-embed-vision-v1.5
nvidia/NV-Embed-v2,7604d305b621f14095a1aa23d351674c2859553a,eng_Latn,4096.0,7850000000.0,"Sentence Transformers, PyTorch",cc-by-nc-4.0,https://huggingface.co/nvidia/NV-Embed-v2
nvidia/NV-Embed-v1,570834afd5fef5bf3a3c2311a2b6e0a66f6f4f2c,eng_Latn,4096.0,7850000000.0,"Sentence Transformers, PyTorch",cc-by-nc-4.0,https://huggingface.co/nvidia/NV-Embed-v1
openai/text-embedding-3-small,2,,1536.0,,API,,https://openai.com/index/new-embedding-models-and-api-updates/
openai/text-embedding-3-large,2,,3072.0,,API,,https://openai.com/index/new-embedding-models-and-api-updates/
openai/text-embedding-ada-002,2,,1536.0,,API,,https://openai.com/index/new-and-improved-embedding-model/
laion/CLIP-ViT-L-14-DataComp.XL-s13B-b90K,84c9828e63dc9a9351d1fe637c346d4c1c4db341,eng_Latn,768.0,428000000.0,PyTorch,mit,https://huggingface.co/laion/CLIP-ViT-L-14-DataComp.XL-s13B-b90K
laion/CLIP-ViT-B-32-DataComp.XL-s13B-b90K,f0e2ffa09cbadab3db6a261ec1ec56407ce42912,eng_Latn,512.0,151000000.0,PyTorch,mit,https://huggingface.co/laion/CLIP-ViT-B-32-DataComp.XL-s13B-b90K
laion/CLIP-ViT-B-16-DataComp.XL-s13B-b90K,d110532e8d4ff91c574ee60a342323f28468b287,eng_Latn,512.0,150000000.0,PyTorch,mit,https://huggingface.co/laion/CLIP-ViT-B-16-DataComp.XL-s13B-b90K
laion/CLIP-ViT-bigG-14-laion2B-39B-b160k,bc7788f151930d91b58474715fdce5524ad9a189,eng_Latn,1280.0,2540000000.0,PyTorch,mit,https://huggingface.co/laion/CLIP-ViT-bigG-14-laion2B-39B-b160k
laion/CLIP-ViT-g-14-laion2B-s34B-b88K,15efd0f6ac0c40c0f9da7becca03c974d7012604,eng_Latn,1024.0,1367000000.0,PyTorch,mit,https://huggingface.co/laion/CLIP-ViT-g-14-laion2B-s34B-b88K
laion/CLIP-ViT-H-14-laion2B-s32B-b79K,de081ac0a0ca8dc9d1533eed1ae884bb8ae1404b,eng_Latn,1024.0,986000000.0,PyTorch,mit,https://huggingface.co/laion/CLIP-ViT-H-14-laion2B-s32B-b79K
laion/CLIP-ViT-L-14-laion2B-s32B-b82K,1627032197142fbe2a7cfec626f4ced3ae60d07a,eng_Latn,768.0,428000000.0,PyTorch,mit,https://huggingface.co/laion/CLIP-ViT-L-14-laion2B-s32B-b82K
laion/CLIP-ViT-B-32-laion2B-s34B-b79K,08f73555f1b2fb7c82058aebbd492887a94968ef,eng_Latn,512.0,151000000.0,PyTorch,mit,https://huggingface.co/laion/CLIP-ViT-B-32-laion2B-s34B-b79K
sensenova/piccolo-base-zh,47c0a63b8f667c3482e05b2fd45577bb19252196,zho_Hans,768.0,,"Sentence Transformers, PyTorch",mit,https://huggingface.co/sensenova/piccolo-base-zh
sensenova/piccolo-large-zh-v2,05948c1d889355936bdf9db7d30df57dd78d25a3,zho_Hans,1024.0,,"Sentence Transformers, PyTorch",not specified,https://huggingface.co/sensenova/piccolo-large-zh-v2
Alibaba-NLP/gme-Qwen2-VL-2B-Instruct,ce765ae71b8cdb208203cd8fb64a170b1b84293a,"eng_Latn, cmn-Hans",1536.0,2210000000.0,PyTorch,apache-2.0,https://huggingface.co/Alibaba-NLP/gme-Qwen2-VL-2B-Instruct
Alibaba-NLP/gme-Qwen2-VL-7B-Instruct,477027a6480f8630363be77751f169cc3434b673,"eng_Latn, cmn-Hans",3584.0,8290000000.0,PyTorch,apache-2.0,https://huggingface.co/Alibaba-NLP/gme-Qwen2-VL-2B-Instruct
samaya-ai/promptriever-llama2-7b-v1,01c7f73d771dfac7d292323805ebc428287df4f9-30b14e3813c0fa45facfd01a594580c3fe5ecf23,eng_Latn,4096.0,7000000000.0,"PyTorch, Tevatron",apache-2.0,https://huggingface.co/samaya-ai/promptriever-llama2-7b-v1
samaya-ai/promptriever-llama3.1-8b-v1,48d6d0fc4e02fb1269b36940650a1b7233035cbb-2ead22cfb1b0e0c519c371c63c2ab90ffc511b8a,eng_Latn,4096.0,8000000000.0,"PyTorch, Tevatron",apache-2.0,https://huggingface.co/samaya-ai/promptriever-llama3.1-8b-v1
samaya-ai/promptriever-llama3.1-8b-instruct-v1,5206a32e0bd3067aef1ce90f5528ade7d866253f-8b677258615625122c2eb7329292b8c402612c21,eng_Latn,4096.0,8000000000.0,"PyTorch, Tevatron",apache-2.0,https://huggingface.co/samaya-ai/promptriever-llama3.1-8b-instruct-v1
samaya-ai/promptriever-mistral-v0.1-7b-v1,7231864981174d9bee8c7687c24c8344414eae6b-876d63e49b6115ecb6839893a56298fadee7e8f5,eng_Latn,4096.0,7000000000.0,"PyTorch, Tevatron",apache-2.0,https://huggingface.co/samaya-ai/promptriever-mistral-v0.1-7b-v1
Qodo/Qodo-Embed-1-1.5B,84bbef079b32e8823ec226d4e9e92902706b0eb6,"python-Code, c++-Code, c#-Code, go-Code, java-Code, Javascript-Code, php-Code, ruby-Code, typescript-Code",1536.0,1780000000.0,"Sentence Transformers, PyTorch",https://huggingface.co/Qodo/Qodo-Embed-1-1.5B/blob/main/LICENSE,https://huggingface.co/Qodo/Qodo-Embed-1-1.5B
Qodo/Qodo-Embed-1-7B,f9edd9bf7f687c0e832424058e265120f603cd81,"python-Code, c++-Code, c#-Code, go-Code, java-Code, Javascript-Code, php-Code, ruby-Code, typescript-Code",3584.0,7613000000.0,"Sentence Transformers, PyTorch",https://huggingface.co/Qodo/Qodo-Embed-1-1.5B/blob/main/LICENSE,https://huggingface.co/Qodo/Qodo-Embed-1-7B
prdev/mini-gte,7fbe6f9b4cc42615e0747299f837ad7769025492,eng_Latn,768.0,66300000.0,"Sentence Transformers, PyTorch",apache-2.0,https://huggingface.co/prdev/mini-gte
castorini/repllama-v1-7b-lora-passage,01c7f73d771dfac7d292323805ebc428287df4f9-6097554dfe6e7d93e92f55010b678bcca1e233a8,eng_Latn,4096.0,7000000.0,"PyTorch, Tevatron",apache-2.0,https://huggingface.co/samaya-ai/castorini/repllama-v1-7b-lora-passage
samaya-ai/RepLLaMA-reproduced,01c7f73d771dfac7d292323805ebc428287df4f9-ad5c1d0938a1e02954bcafb4d811ba2f34052e71,eng_Latn,4096.0,7000000.0,"PyTorch, Tevatron",apache-2.0,https://huggingface.co/samaya-ai/RepLLaMA-reproduced
castorini/monobert-large-msmarco,0a97706f3827389da43b83348d5d18c9d53876fa,eng_Latn,,,"Sentence Transformers, PyTorch",,
jinaai/jina-reranker-v2-base-multilingual,126747772a932960028d9f4dc93bd5d9c4869be4,eng_Latn,,,"Sentence Transformers, PyTorch",,
BAAI/bge-reranker-v2-m3,953dc6f6f85a1b2dbfca4c34a2796e7dde08d41e,"eng_Latn, ara_Arab, ben_Beng, spa_Latn, fas_Arab, fin_Latn, fra_Latn, hin_Deva, ind_Latn, jpn_Jpan, kor_Hang, rus_Cyrl, swa_Latn, tel_Telu, tha_Thai, zho_Hans, deu_Latn, yor_Latn, dan_Latn, heb_Hebr, hun_Latn, ita_Latn, khm_Khmr, msa_Latn, nld_Latn, nob_Latn, pol_Latn, por_Latn, swe_Latn, tur_Latn, vie_Latn, zho_Hant",,,"Sentence Transformers, PyTorch",,
castorini/monot5-small-msmarco-10k,77f8e3f7b1eb1afe353aa21a7c3a2fc8feca702e,eng_Latn,,,PyTorch,,
castorini/monot5-base-msmarco-10k,f15657ab3d2a5dd0b9a30c8c0b6a0a73c9cb5884,eng_Latn,,,PyTorch,,
castorini/monot5-large-msmarco-10k,48cfad1d8dd587670393f27ee8ec41fde63e3d98,eng_Latn,,,PyTorch,,
castorini/monot5-3b-msmarco-10k,bc0c419a438c81f592f878ce32430a1823f5db6c,eng_Latn,,,PyTorch,,
google/flan-t5-base,7bcac572ce56db69c1ea7c8af255c5d7c9672fc2,eng_Latn,768.0,248000000.0,PyTorch,apache-2.0,
google/flan-t5-large,0613663d0d48ea86ba8cb3d7a44f0f65dc596a2a,eng_Latn,,783000000.0,PyTorch,apache-2.0,
google/flan-t5-xl,7d6315df2c2fb742f0f5b556879d730926ca9001,eng_Latn,2048.0,2850000000.0,PyTorch,apache-2.0,
google/flan-t5-xxl,ae7c9136adc7555eeccc78cdd960dfd60fb346ce,eng_Latn,4096.0,11300000000.0,PyTorch,apache-2.0,
meta-llama/Llama-2-7b-hf,01c7f73d771dfac7d292323805ebc428287df4f9,eng_Latn,,6740000000.0,PyTorch,,
meta-llama/Llama-2-7b-chat-hf,f5db02db724555f92da89c216ac04704f23d4590,eng_Latn,,,PyTorch,,
mistralai/Mistral-7B-Instruct-v0.2,3ad372fc79158a2148299e3318516c786aeded6c,eng_Latn,,,PyTorch,,
jhu-clsp/FollowIR-7B,4d25d437e38b510c01852070c0731e8f6e1875d1,eng_Latn,,7240000000.0,PyTorch,apache-2.0,
unicamp-dl/mt5-base-mmarco-v2,cc0a949b9f21efcaba45c8cabb998ad02ce8d4e7,"afr_Latn, sqi_Latn, amh_Ethi, ara_Arab, hye_Armn, aze_Latn, eus_Latn, bel_Cyrl, ben_Beng, bul_Cyrl, mya_Mymr, cat_Latn, ceb_Latn, nya_Latn, zho_Hans, cos_Latn, ces_Latn, dan_Latn, nld_Latn, eng_Latn, epo_Latn, est_Latn, fil_Latn, fin_Latn, fra_Latn, glg_Latn, kat_Geor, deu_Latn, ell_Grek, guj_Gujr, hat_Latn, hau_Latn, haw_Latn, heb_Hebr, hin_Deva, hmn_Latn, hun_Latn, isl_Latn, ibo_Latn, ind_Latn, gle_Latn, ita_Latn, jpn_Jpan, jav_Latn, kan_Knda, kaz_Cyrl, khm_Khmr, kor_Hang, kur_Latn, kir_Cyrl, lao_Laoo, lat_Latn, lav_Latn, lit_Latn, ltz_Latn, mkd_Cyrl, mlg_Latn, msa_Latn, mal_Mlym, mlt_Latn, mri_Latn, mar_Deva, mon_Cyrl, nep_Deva, nor_Latn, pus_Arab, fas_Arab, pol_Latn, por_Latn, pan_Guru, ron_Latn, rus_Cyrl, smo_Latn, gla_Latn, srp_Cyrl, sna_Latn, snd_Arab, sin_Sinh, slk_Latn, slv_Latn, som_Latn, sot_Latn, spa_Latn, sun_Latn, swa_Latn, swe_Latn, tgk_Cyrl, tam_Taml, tel_Telu, tha_Thai, tur_Latn, ukr_Cyrl, urd_Arab, uzb_Latn, vie_Latn, cym_Latn, fry_Latn, xho_Latn, yid_Hebr, yor_Latn, zul_Latn",,,PyTorch,mit,
unicamp-dl/mt5-13b-mmarco-100k,e1a4317e102a525ea9e16745ad21394a4f1bffbc,"afr_Latn, sqi_Latn, amh_Ethi, ara_Arab, hye_Armn, aze_Latn, eus_Latn, bel_Cyrl, ben_Beng, bul_Cyrl, mya_Mymr, cat_Latn, ceb_Latn, nya_Latn, zho_Hans, cos_Latn, ces_Latn, dan_Latn, nld_Latn, eng_Latn, epo_Latn, est_Latn, fil_Latn, fin_Latn, fra_Latn, glg_Latn, kat_Geor, deu_Latn, ell_Grek, guj_Gujr, hat_Latn, hau_Latn, haw_Latn, heb_Hebr, hin_Deva, hmn_Latn, hun_Latn, isl_Latn, ibo_Latn, ind_Latn, gle_Latn, ita_Latn, jpn_Jpan, jav_Latn, kan_Knda, kaz_Cyrl, khm_Khmr, kor_Hang, kur_Latn, kir_Cyrl, lao_Laoo, lat_Latn, lav_Latn, lit_Latn, ltz_Latn, mkd_Cyrl, mlg_Latn, msa_Latn, mal_Mlym, mlt_Latn, mri_Latn, mar_Deva, mon_Cyrl, nep_Deva, nor_Latn, pus_Arab, fas_Arab, pol_Latn, por_Latn, pan_Guru, ron_Latn, rus_Cyrl, smo_Latn, gla_Latn, srp_Cyrl, sna_Latn, snd_Arab, sin_Sinh, slk_Latn, slv_Latn, som_Latn, sot_Latn, spa_Latn, sun_Latn, swa_Latn, swe_Latn, tgk_Cyrl, tam_Taml, tel_Telu, tha_Thai, tur_Latn, ukr_Cyrl, urd_Arab, uzb_Latn, vie_Latn, cym_Latn, fry_Latn, xho_Latn, yid_Hebr, yor_Latn, zul_Latn",,,PyTorch,,
cointegrated/rubert-tiny,5441c5ea8026d4f6d7505ec004845409f1259fb1,rus_Cyrl,312.0,11900000.0,"Sentence Transformers, PyTorch",mit,https://huggingface.co/cointegrated/rubert-tiny
cointegrated/rubert-tiny2,dad72b8f77c5eef6995dd3e4691b758ba56b90c3,rus_Cyrl,312.0,29400000.0,"Sentence Transformers, PyTorch",mit,https://huggingface.co/cointegrated/rubert-tiny2
ai-forever/sbert_large_nlu_ru,af977d5dfa46a3635e29bf0ef383f2df2a08d47a,rus_Cyrl,1024.0,427000000.0,"Sentence Transformers, PyTorch",mit,https://huggingface.co/ai-forever/sbert_large_nlu_ru
ai-forever/sbert_large_mt_nlu_ru,05300876c2b83f46d3ddd422a7f17e45cf633bb0,rus_Cyrl,1024.0,427000000.0,"Sentence Transformers, PyTorch",not specified,https://huggingface.co/ai-forever/sbert_large_mt_nlu_ru
deepvk/USER-base,436a489a2087d61aa670b3496a9915f84e46c861,rus_Cyrl,768.0,427000000.0,"Sentence Transformers, PyTorch",apache-2.0,https://huggingface.co/deepvk/USER-base
deepvk/deberta-v1-base,bdd30b0e19757e6940c92c7aff19e8fc0a60dff4,rus_Cyrl,768.0,124000000.0,"Sentence Transformers, PyTorch",apache-2.0,https://huggingface.co/deepvk/deberta-v1-base
DeepPavlov/rubert-base-cased,4036cab694767a299f2b9e6492909664d9414229,rus_Cyrl,768.0,1280000000.0,"Sentence Transformers, PyTorch",not specified,https://huggingface.co/DeepPavlov/rubert-base-cased
DeepPavlov/distilrubert-small-cased-conversational,e348066b4a7279b97138038299bddc6580a9169a,rus_Cyrl,768.0,107000000.0,"Sentence Transformers, PyTorch",not specified,https://huggingface.co/DeepPavlov/distilrubert-small-cased-conversational
DeepPavlov/rubert-base-cased-sentence,78b5122d6365337dd4114281b0d08cd1edbb3bc8,rus_Cyrl,768.0,107000000.0,"Sentence Transformers, PyTorch",not specified,https://huggingface.co/DeepPavlov/rubert-base-cased-sentence
cointegrated/LaBSE-en-ru,cf0714e606d4af551e14ad69a7929cd6b0da7f7e,rus_Cyrl,768.0,129000000.0,"Sentence Transformers, PyTorch",not specified,https://huggingface.co/cointegrated/LaBSE-en-ru
sergeyzh/rubert-tiny-turbo,8ce0cf757446ce9bb2d5f5a4ac8103c7a1049054,rus_Cyrl,312.0,29200000.0,"Sentence Transformers, PyTorch",mit,https://huggingface.co/sergeyzh/rubert-tiny-turbo
sergeyzh/LaBSE-ru-turbo,1940b046c6b5e125df11722b899130329d0a46da,rus_Cyrl,768.0,129000000.0,"Sentence Transformers, PyTorch",mit,https://huggingface.co/sergeyzh/LaBSE-ru-turbo
ai-forever/ru-en-RoSBERTa,89fb1651989adbb1cfcfdedafd7d102951ad0555,rus_Cyrl,1024.0,404000000.0,"Sentence Transformers, PyTorch",mit,https://huggingface.co/ai-forever/ru-en-RoSBERTa
ai-forever/FRIDA,7292217af9a9e6dbf07048f76b434ad1e2aa8b76,rus_Cyrl,1536.0,823000000.0,"Sentence Transformers, PyTorch",mit,https://huggingface.co/ai-forever/FRIDA
ai-sage/Giga-Embeddings-instruct,646f5ff3587e74a18141c8d6b60d1cffd5897b92,"eng_Latn, rus_Cyrl",2048.0,2530000000.0,"Sentence Transformers, PyTorch",mit,https://huggingface.co/ai-sage/Giga-Embeddings-instruct
Salesforce/SFR-Embedding-2_R,91762139d94ed4371a9fa31db5551272e0b83818,eng_Latn,4096.0,7110000000.0,"Sentence Transformers, PyTorch",cc-by-nc-4.0,https://huggingface.co/Salesforce/SFR-Embedding-2_R
Salesforce/SFR-Embedding-Code-2B_R,c73d8631a005876ed5abde34db514b1fb6566973,eng_Latn,2304.0,2610000000.0,"Sentence Transformers, PyTorch",cc-by-nc-4.0,https://huggingface.co/Salesforce/SFR-Embedding-Code-2B_R
Salesforce/SFR-Embedding-Mistral,938c560d1c236aa563b2dbdf084f28ab28bccb11,eng_Latn,4096.0,7110000000.0,"Sentence Transformers, PyTorch",cc-by-nc-4.0,https://huggingface.co/Salesforce/SFR-Embedding-Mistral
sentence-transformers/all-MiniLM-L6-v2,8b3219a92973c328a8e22fadcfa821b5dc75636a,eng-Latn,384.0,22700000.0,"Sentence Transformers, PyTorch",apache-2.0,https://huggingface.co/sentence-transformers/all-MiniLM-L6-v2
sentence-transformers/all-MiniLM-L12-v2,364dd28d28dcd3359b537f3cf1f5348ba679da62,eng-Latn,384.0,33400000.0,"Sentence Transformers, PyTorch",apache-2.0,https://huggingface.co/sentence-transformers/all-MiniLM-L12-v2
sentence-transformers/paraphrase-multilingual-MiniLM-L12-v2,bf3bf13ab40c3157080a7ab344c831b9ad18b5eb,"ara_Arab, bul_Cyrl, cat_Latn, ces_Latn, dan_Latn, deu_Latn, ell_Grek, eng_Latn, spa_Latn, est_Latn, fas_Arab, fin_Latn, fra_Latn, fra_Latn, glg_Latn, guj_Gujr, heb_Hebr, hin_Deva, hrv_Latn, hun_Latn, hye_Armn, ind_Latn, ita_Latn, jpn_Jpan, kat_Geor, kor_Hang, kur_Arab, lit_Latn, lav_Latn, mkd_Cyrl, mon_Cyrl, mar_Deva, msa_Latn, mya_Mymr, nob_Latn, nld_Latn, pol_Latn, por_Latn, por_Latn, ron_Latn, rus_Cyrl, slk_Latn, slv_Latn, sqi_Latn, srp_Cyrl, swe_Latn, tha_Thai, tur_Latn, ukr_Cyrl, urd_Arab, vie_Latn, zho_Hans, zho_Hant",768.0,118000000.0,"Sentence Transformers, PyTorch",apache-2.0,https://huggingface.co/sentence-transformers/paraphrase-multilingual-MiniLM-L12-v2
sentence-transformers/paraphrase-multilingual-mpnet-base-v2,79f2382ceacceacdf38563d7c5d16b9ff8d725d6,"ara_Arab, bul_Cyrl, cat_Latn, ces_Latn, dan_Latn, deu_Latn, ell_Grek, eng_Latn, spa_Latn, est_Latn, fas_Arab, fin_Latn, fra_Latn, fra_Latn, glg_Latn, guj_Gujr, heb_Hebr, hin_Deva, hrv_Latn, hun_Latn, hye_Armn, ind_Latn, ita_Latn, jpn_Jpan, kat_Geor, kor_Hang, kur_Arab, lit_Latn, lav_Latn, mkd_Cyrl, mon_Cyrl, mar_Deva, msa_Latn, mya_Mymr, nob_Latn, nld_Latn, pol_Latn, por_Latn, por_Latn, ron_Latn, rus_Cyrl, slk_Latn, slv_Latn, sqi_Latn, srp_Cyrl, swe_Latn, tha_Thai, tur_Latn, ukr_Cyrl, urd_Arab, vie_Latn, zho_Hans, zho_Hant",768.0,278000000.0,"Sentence Transformers, PyTorch",apache-2.0,https://huggingface.co/sentence-transformers/paraphrase-multilingual-mpnet-base-v2
sentence-transformers/LaBSE,e34fab64a3011d2176c99545a93d5cbddc9a91b7,"ara_Arab, bul_Cyrl, cat_Latn, ces_Latn, dan_Latn, deu_Latn, ell_Grek, eng_Latn, spa_Latn, est_Latn, fas_Arab, fin_Latn, fra_Latn, fra_Latn, glg_Latn, guj_Gujr, heb_Hebr, hin_Deva, hrv_Latn, hun_Latn, hye_Armn, ind_Latn, ita_Latn, jpn_Jpan, kat_Geor, kor_Hang, kur_Arab, lit_Latn, lav_Latn, mkd_Cyrl, mon_Cyrl, mar_Deva, msa_Latn, mya_Mymr, nob_Latn, nld_Latn, pol_Latn, por_Latn, por_Latn, ron_Latn, rus_Cyrl, slk_Latn, slv_Latn, sqi_Latn, srp_Cyrl, swe_Latn, tha_Thai, tur_Latn, ukr_Cyrl, urd_Arab, vie_Latn, zho_Hans, zho_Hant",768.0,471000000.0,"Sentence Transformers, PyTorch",apache-2.0,https://huggingface.co/sentence-transformers/LaBSE
sentence-transformer/multi-qa-MiniLM-L6-cos-v1,b207367332321f8e44f96e224ef15bc607f4dbf0,eng-Latn,384.0,22700000.0,"Sentence Transformers, PyTorch",apache-2.0,https://huggingface.co/sentence-transformers/multi-qa-MiniLM-L6-cos-v1
sentence-transformers/all-mpnet-base-v2,9a3225965996d404b775526de6dbfe85d3368642,eng-Latn,768.0,109000000.0,"Sentence Transformers, PyTorch",apache-2.0,https://huggingface.co/sentence-transformers/all-mpnet-base-v2
sentence-transformers/static-similarity-mrl-multilingual-v1,7264ea07c5365a11d7e6d87dbb6195889a13054f,"eng_Latn, ara_Arab, bul_Cyrl, cat_Latn, ces_Latn, dan_Latn, deu_Latn, ell_Grek, spa_Latn, est_Latn, fas_Arab, fin_Latn, fra_Latn, glg_Latn, guj_Gujr, heb_Hebr, hin_Deva, hun_Latn, hye_Armn, ind_Latn, ita_Latn, jpn_Jpan, kat_Geor, kor_Hang, kur_Latn, lit_Latn, lav_Latn, mkd_Cyrl, mon_Cyrl, mar_Deva, mal_Mlym, mya_Mymr, nob_Latn, nld_Latn, pol_Latn, por_Latn, ron_Latn, rus_Cyrl, slk_Latn, slv_Latn, sqi_Latn, srp_Cyrl, swe_Latn, tha_Thai, tur_Latn, ukr_Cyrl, urd_Arab, vie_Latn, zho_Hans",1024.0,108420096.0,"Sentence Transformers, PyTorch",apache-2.0,https://huggingface.co/sentence-transformers/static-similarity-mrl-multilingual-v1
sentence-transformers/static-retrieval-mrl-en-v1,f60985c706f192d45d218078e49e5a8b6f15283a,eng-Latn,1024.0,31254528.0,"Sentence Transformers, PyTorch",apache-2.0,https://huggingface.co/sentence-transformers/static-retrieval-mrl-en-v1
keeeeenw/MicroLlama-text-embedding,98f70f14cdf12d7ea217ed2fd4e808b0195f1e7e,eng-Latn,1024.0,272000000.0,"Sentence Transformers, PyTorch",apache-2.0,https://huggingface.co/keeeeenw/MicroLlama-text-embedding
sentence-transformers/sentence-t5-base,50c53e206f8b01c9621484a3c0aafce4e55efebf,eng-Latn,768.0,110000000.0,"Sentence Transformers, PyTorch",apache-2.0,https://huggingface.co/sentence-transformers/sentence-t5-base
sentence-transformers/sentence-t5-large,1fc08ea477205aa54a3e5b13f0971ae16b86410a,eng-Latn,768.0,335000000.0,"Sentence Transformers, PyTorch",apache-2.0,https://huggingface.co/sentence-transformers/sentence-t5-large
sentence-transformers/sentence-t5-xl,2965d31b368fb14117688e0bde77cbd720e91f53,eng-Latn,768.0,3000000000.0,"Sentence Transformers, PyTorch",apache-2.0,https://huggingface.co/sentence-transformers/sentence-t5-xl
sentence-transformers/sentence-t5-xxl,4d122282ba80e807e9e6eb8c358269e92796365d,eng-Latn,768.0,11000000000.0,"Sentence Transformers, PyTorch",apache-2.0,https://huggingface.co/sentence-transformers/sentence-t5-xxl
sentence-transformers/gtr-t5-large,a2c8ac47f998531948d4cbe32a0b577a7037a5e3,eng-Latn,768.0,335000000.0,"Sentence Transformers, PyTorch",apache-2.0,https://huggingface.co/sentence-transformers/gtr-t5-large
sentence-transformers/gtr-t5-xl,23a8d667a1ad2578af181ce762867003c498d1bf,eng-Latn,768.0,1240000000.0,"Sentence Transformers, PyTorch",apache-2.0,https://huggingface.co/sentence-transformers/gtr-t5-xl
sentence-transformers/gtr-t5-xxl,73f2a9156a3dcc2194dfdb2bf201cd7d17e17884,eng-Latn,768.0,4860000000.0,"Sentence Transformers, PyTorch",apache-2.0,https://huggingface.co/sentence-transformers/gtr-t5-xxl
sentence-transformers/gtr-t5-base,7027e9594267928589816394bdd295273ddc0739,eng-Latn,768.0,110000000.0,"Sentence Transformers, PyTorch",apache-2.0,https://huggingface.co/sentence-transformers/gtr-t5-base
google/siglip-so400m-patch14-224,d04cf29fca7b6374f74d8bea1969314492266b5e,eng_Latn,1152.0,877000000.0,PyTorch,apache-2.0,https://huggingface.co/google/siglip-so400m-patch14-224
google/siglip-so400m-patch14-384,9fdffc58afc957d1a03a25b10dba0329ab15c2a3,eng_Latn,1152.0,878000000.0,PyTorch,apache-2.0,https://huggingface.co/google/siglip-so400m-patch14-384
google/siglip-so400m-patch16-256-i18n,365d321c0cfdea96bc28e3a29787a11a062681a1,eng_Latn,1152.0,1130000000.0,PyTorch,apache-2.0,https://huggingface.co/google/siglip-so400m-patch16-256-i18n
google/siglip-base-patch16-256-multilingual,8952a4eafcde3cb7ab46b1dd629b33f8784ca9c6,eng_Latn,768.0,371000000.0,PyTorch,apache-2.0,https://huggingface.co/google/siglip-base-patch16-256-multilingual
google/siglip-base-patch16-256,b078df89e446d623010d890864d4207fe6399f61,eng_Latn,768.0,203000000.0,PyTorch,apache-2.0,https://huggingface.co/google/siglip-base-patch16-256
google/siglip-base-patch16-512,753a949581523b60257d93e18391e8c27f72eb22,eng_Latn,768.0,204000000.0,PyTorch,apache-2.0,https://huggingface.co/google/siglip-base-patch16-512
google/siglip-base-patch16-384,41aec1c83b32e0a6fca20ad88ba058aa5b5ea394,eng_Latn,768.0,203000000.0,PyTorch,apache-2.0,https://huggingface.co/google/siglip-base-patch16-384
google/siglip-base-patch16-224,7fd15f0689c79d79e38b1c2e2e2370a7bf2761ed,eng_Latn,768.0,203000000.0,PyTorch,apache-2.0,https://huggingface.co/google/siglip-base-patch16-224
google/siglip-large-patch16-256,d0da9f876e7d66b4e250cd2450c3ba2ce735e447,eng_Latn,1024.0,652000000.0,PyTorch,apache-2.0,https://huggingface.co/google/siglip-large-patch16-256
google/siglip-large-patch16-384,ce005573a40965dfd21fd937fbdeeebf2439fc35,eng_Latn,1024.0,652000000.0,PyTorch,apache-2.0,https://huggingface.co/google/siglip-large-patch16-384
BAAI/bge-visualized-base,98db10b10d22620010d06f11733346e1c98c34aa,eng_Latn,768.0,196000000.0,PyTorch,,https://huggingface.co/BAAI/bge-visualized
BAAI/bge-visualized-m3,98db10b10d22620010d06f11733346e1c98c34aa,eng_Latn,1024.0,,PyTorch,,https://huggingface.co/BAAI/bge-visualized
TIGER-Lab/VLM2Vec-LoRA,7403b6327958071c1e33c822c7453adadccc7298,eng_Latn,3072.0,,PyTorch,apache-2.0,https://huggingface.co/TIGER-Lab/VLM2Vec-LoRA
TIGER-Lab/VLM2Vec-Full,e9afa98002097ac2471827ba23ea1f2ddd229480,eng_Latn,3072.0,4150000000.0,PyTorch,apache-2.0,https://huggingface.co/TIGER-Lab/VLM2Vec-Full
voyageai/voyage-multimodal-3,1,,1024.0,,API,mit,https://huggingface.co/voyageai/voyage-multimodal-3
dunzhang/stella_en_400M_v5,1bb50bc7bb726810eac2140e62155b88b0df198f,eng_Latn,4096.0,435000000.0,"Sentence Transformers, PyTorch, GritLM",mit,https://huggingface.co/dunzhang/stella_en_400M_v5
dunzhang/stella_en_1.5B_v5,d03be74b361d4eb24f42a2fe5bd2e29917df4604,eng_Latn,8960.0,1540000000.0,"Sentence Transformers, PyTorch, GritLM",mit,https://huggingface.co/dunzhang/stella_en_1.5B_v5
dunzhang/stella-large-zh-v3-1792d,d5d39eb8cd11c80a63df53314e59997074469f09,zho_Hans,1792.0,,"Sentence Transformers, PyTorch",not specified,https://huggingface.co/dunzhang/stella-large-zh-v3-1792d
infgrad/stella-base-zh-v3-1792d,82254892a0fba125aa2abf3a4800d2dd12821343,zho_Hans,1792.0,,"Sentence Transformers, PyTorch",mit,https://huggingface.co/infgrad/stella-base-zh-v3-1792d
dunzhang/stella-mrl-large-zh-v3.5-1792d,17bb1c32a93a8fc5f6fc9e91d5ea86da99983cfe,zho_Hans,1792.0,326000000.0,"Sentence Transformers, PyTorch",mit,https://huggingface.co/dunzhang/stella-large-zh-v3-1792d
iampanda/zpoint_large_embedding_zh,b1075144f440ab4409c05622c1179130ebd57d03,zho_Hans,1792.0,326000000.0,"Sentence Transformers, PyTorch",mit,https://huggingface.co/iampanda/zpoint_large_embedding_zh
facebook/SONAR,a551c586dcf4a49c8fd847de369412d556a7f2f2,"ace-Arab, ace-Latn, acm-Arab, acq-Arab, aeb-Arab, afr-Latn, ajp-Arab, aka-Latn, als-Latn, amh-Ethi, apc-Arab, arb-Arab, arb-Latn, ars-Arab, ary-Arab, arz-Arab, asm-Beng, ast-Latn, awa-Deva, ayr-Latn, azb-Arab, azj-Latn, bak-Cyrl, bam-Latn, ban-Latn, bel-Cyrl, bem-Latn, ben-Beng, bho-Deva, bjn-Arab, bjn-Latn, bod-Tibt, bos-Latn, bug-Latn, bul-Cyrl, cat-Latn, ceb-Latn, ces-Latn, cjk-Latn, ckb-Arab, crh-Latn, cym-Latn, dan-Latn, deu-Latn, dik-Latn, dyu-Latn, dzo-Tibt, ell-Grek, eng-Latn, epo-Latn, est-Latn, eus-Latn, ewe-Latn, fao-Latn, fij-Latn, fin-Latn, fon-Latn, fra-Latn, fur-Latn, fuv-Latn, gaz-Latn, gla-Latn, gle-Latn, glg-Latn, grn-Latn, guj-Gujr, hat-Latn, hau-Latn, heb-Hebr, hin-Deva, hne-Deva, hrv-Latn, hun-Latn, hye-Armn, ibo-Latn, ilo-Latn, ind-Latn, isl-Latn, ita-Latn, jav-Latn, jpn-Jpan, kab-Latn, kac-Latn, kam-Latn, kan-Knda, kas-Arab, kas-Deva, kat-Geor, kaz-Cyrl, kbp-Latn, kea-Latn, khk-Cyrl, khm-Khmr, kik-Latn, kin-Latn, kir-Cyrl, kmb-Latn, kmr-Latn, knc-Arab, knc-Latn, kon-Latn, kor-Hang, lao-Laoo, lij-Latn, lim-Latn, lin-Latn, lit-Latn, lmo-Latn, ltg-Latn, ltz-Latn, lua-Latn, lug-Latn, luo-Latn, lus-Latn, lvs-Latn, mag-Deva, mai-Deva, mal-Mlym, mar-Deva, min-Arab, min-Latn, mkd-Cyrl, mlt-Latn, mni-Beng, mos-Latn, mri-Latn, mya-Mymr, nld-Latn, nno-Latn, nob-Latn, npi-Deva, nso-Latn, nus-Latn, nya-Latn, oci-Latn, ory-Orya, pag-Latn, pan-Guru, pap-Latn, pbt-Arab, pes-Arab, plt-Latn, pol-Latn, por-Latn, prs-Arab, quy-Latn, ron-Latn, run-Latn, rus-Cyrl, sag-Latn, san-Deva, sat-Olck, scn-Latn, shn-Mymr, sin-Sinh, slk-Latn, slv-Latn, smo-Latn, sna-Latn, snd-Arab, som-Latn, sot-Latn, spa-Latn, srd-Latn, srp-Cyrl, ssw-Latn, sun-Latn, swe-Latn, swh-Latn, szl-Latn, tam-Taml, taq-Latn, taq-Tfng, tat-Cyrl, tel-Telu, tgk-Cyrl, tgl-Latn, tha-Thai, tir-Ethi, tpi-Latn, tsn-Latn, tso-Latn, tuk-Latn, tum-Latn, tur-Latn, twi-Latn, tzm-Tfng, uig-Arab, ukr-Cyrl, umb-Latn, urd-Arab, uzn-Latn, vec-Latn, vie-Latn, war-Latn, wol-Latn, xho-Latn, ydd-Hebr, yor-Latn, yue-Hant, zho-Hans, zho-Hant, zsm-Latn, zul-Latn",1024.0,,PyTorch,mit,https://ai.meta.com/research/publications/sonar-sentence-level-multimodal-and-language-agnostic-representations/
shibing624/text2vec-base-chinese,183bb99aa7af74355fb58d16edf8c13ae7c5433e,zho-Hans,768.0,102000000.0,"Sentence Transformers, PyTorch",apache-2.0,https://huggingface.co/shibing624/text2vec-base-chinese
shibing624/text2vec-base-chinese-paraphrase,e90c150a9c7fb55a67712a766d6820c55fb83cdd,zho-Hans,768.0,118000000.0,"Sentence Transformers, PyTorch",apache-2.0,https://huggingface.co/shibing624/text2vec-base-chinese-paraphrase
WhereIsAI/UAE-Large-V1,369c368f70f16a613f19f5598d4f12d9f44235d4,eng_Latn,1024.0,335000000.0,"Sentence Transformers, PyTorch",mit,https://huggingface.co/WhereIsAI/UAE-Large-V1
voyageai/voyage-large-2-instruct,1,,1024.0,,API,,https://blog.voyageai.com/2024/05/05/voyage-large-2-instruct-instruction-tuned-and-rank-1-on-mteb/
voyageai/voyage-finance-2,1,,1024.0,,API,,https://blog.voyageai.com/2024/06/03/domain-specific-embeddings-finance-edition-voyage-finance-2/
voyageai/voyage-law-2,1,,1024.0,,API,,https://blog.voyageai.com/2024/04/15/domain-specific-embeddings-and-retrieval-legal-edition-voyage-law-2/
voyageai/voyage-code-2,1,,1536.0,,API,,https://blog.voyageai.com/2024/01/23/voyage-code-2-elevate-your-code-retrieval/
voyageai/voyage-code-3,1,,1024.0,,API,,https://blog.voyageai.com/2024/12/04/voyage-code-3/
voyageai/voyage-large-2,1,,1536.0,,API,,https://blog.voyageai.com/2023/10/29/voyage-embeddings/
voyageai/voyage-2,1,,1024.0,,API,,https://blog.voyageai.com/2023/10/29/voyage-embeddings/
voyageai/voyage-multilingual-2,1,,1024.0,,API,,https://blog.voyageai.com/2024/06/10/voyage-multilingual-2-multilingual-embedding-model/
voyageai/voyage-3,1,,1024.0,,API,,https://blog.voyageai.com/2024/09/18/voyage-3/
voyageai/voyage-3-lite,1,,512.0,,API,,https://blog.voyageai.com/2024/09/18/voyage-3/
voyageai/voyage-3-m-exp,1,eng-Latn,2048.0,6918000000.0,API,,https://huggingface.co/voyageai/voyage-3-m-exp
HooshvareLab/bert-base-parsbert-uncased,d73a0e2c7492c33bd5819bcdb23eba207404dd19,fas-Arab,768.0,162841344.0,"Sentence Transformers, PyTorch",not specified,https://huggingface.co/HooshvareLab/bert-base-parsbert-uncased
m3hrdadfi/bert-zwnj-wnli-mean-tokens,b9506ddc579ac8c398ae6dae680401ae0a1a5b23,fas-Arab,768.0,118297344.0,"Sentence Transformers, PyTorch",not specified,https://huggingface.co/m3hrdadfi/bert-zwnj-wnli-mean-tokens
m3hrdadfi/roberta-zwnj-wnli-mean-tokens,36f912ac44e22250aee16ea533a4ff8cd848c1a1,fas-Arab,768.0,118298112.0,"Sentence Transformers, PyTorch",not specified,https://huggingface.co/m3hrdadfi/roberta-zwnj-wnli-mean-tokens
myrkur/sentence-transformer-parsbert-fa,72bd0a3557622f0ae08a092f4643609e0b950cdd,fas-Arab,768.0,162841344.0,"Sentence Transformers, PyTorch",apache-2.0,https://huggingface.co/myrkur/sentence-transformer-parsbert-fa
PartAI/TookaBERT-Base,fa5ca89df5670700d9325b8872ac65c17cb24582,fas-Arab,768.0,122905344.0,"Sentence Transformers, PyTorch",apache-2.0,https://huggingface.co/PartAI/TookaBERT-Base
PartAI/Tooka-SBERT,5d07f0c543aca654373b931ae07cd197769110fd,fas-Arab,1024.0,353039360.0,"Sentence Transformers, PyTorch",apache-2.0,https://huggingface.co/PartAI/Tooka-SBERT
sbunlp/fabert,a0e3973064c97768e121b9b95f21adc94e0ca3fb,fas-Arab,768.0,124441344.0,"Sentence Transformers, PyTorch",not specified,https://huggingface.co/sbunlp/fabert
Omartificial-Intelligence-Space/Arabic-Triplet-Matryoshka-V2,ed357f222f0b6ea6670d2c9b5a1cb93950d34200,ara-Arab,768.0,135000000.0,"Sentence Transformers, PyTorch",apache-2.0,https://huggingface.co/Omartificial-Intelligence-Space/Arabic-Triplet-Matryoshka-V2
